Entity,Code,Year,Prevalence of undernourishment (% of population) (% of population)
Afghanistan,AFG,2000,46.1
Afghanistan,AFG,2001,46.4
Afghanistan,AFG,2002,43.7
Afghanistan,AFG,2003,39.8
Afghanistan,AFG,2004,36.1
Afghanistan,AFG,2005,33.2
Afghanistan,AFG,2006,30.1
Afghanistan,AFG,2007,27
Afghanistan,AFG,2008,24.5
Afghanistan,AFG,2009,22.9
Afghanistan,AFG,2010,22.1
Afghanistan,AFG,2011,22.2
Afghanistan,AFG,2012,23.4
Afghanistan,AFG,2013,25.5
Afghanistan,AFG,2014,27.6
Afghanistan,AFG,2015,29.3
Afghanistan,AFG,2016,30.3
Albania,ALB,2000,7.2
Albania,ALB,2001,7.8
Albania,ALB,2002,8.7
Albania,ALB,2003,9.7
Albania,ALB,2004,10.6
Albania,ALB,2005,10.9
Albania,ALB,2006,10.8
Albania,ALB,2007,10.3
Albania,ALB,2008,9.5
Albania,ALB,2009,8.4
Albania,ALB,2010,7.4
Albania,ALB,2011,6.6
Albania,ALB,2012,6
Albania,ALB,2013,5.7
Albania,ALB,2014,5.5
Albania,ALB,2015,5.5
Albania,ALB,2016,5.5
Algeria,DZA,2000,10.7
Algeria,DZA,2001,10.2
Algeria,DZA,2002,9.7
Algeria,DZA,2003,9.3
Algeria,DZA,2004,9
Algeria,DZA,2005,8.8
Algeria,DZA,2006,8.4
Algeria,DZA,2007,8
Algeria,DZA,2008,7.6
Algeria,DZA,2009,7
Algeria,DZA,2010,6.3
Algeria,DZA,2011,5.6
Algeria,DZA,2012,5
Algeria,DZA,2013,4.7
Algeria,DZA,2014,4.6
Algeria,DZA,2015,4.6
Algeria,DZA,2016,4.7
Angola,AGO,2000,71.5
Angola,AGO,2001,68.9
Angola,AGO,2002,65.3
Angola,AGO,2003,61.3
Angola,AGO,2004,57.8
Angola,AGO,2005,54.8
Angola,AGO,2006,51.8
Angola,AGO,2007,48.6
Angola,AGO,2008,45.4
Angola,AGO,2009,42.5
Angola,AGO,2010,40.4
Angola,AGO,2011,38.2
Angola,AGO,2012,35.1
Angola,AGO,2013,30.8
Angola,AGO,2014,27
Angola,AGO,2015,24.8
Angola,AGO,2016,23.9
Arab World,,2000,11.06934481
Arab World,,2001,10.83725502
Arab World,,2002,10.81962682
Arab World,,2003,10.88197701
Arab World,,2004,10.93109558
Arab World,,2005,10.90400415
Arab World,,2006,10.74709409
Arab World,,2007,10.54974353
Arab World,,2008,10.35148595
Arab World,,2009,10.01662067
Arab World,,2010,9.67618665
Arab World,,2011,9.403567159
Arab World,,2012,11.0831891
Arab World,,2013,11.22464648
Arab World,,2014,11.45965268
Arab World,,2015,11.78265207
Arab World,,2016,12.05190324
Argentina,ARG,2000,3.5
Argentina,ARG,2001,4.1
Argentina,ARG,2002,4.9
Argentina,ARG,2003,5.3
Argentina,ARG,2004,5.2
Argentina,ARG,2005,4.7
Argentina,ARG,2006,4.4
Argentina,ARG,2007,4.2
Argentina,ARG,2008,4.1
Argentina,ARG,2009,4.1
Argentina,ARG,2010,4
Argentina,ARG,2011,3.9
Argentina,ARG,2012,3.7
Argentina,ARG,2013,3.5
Argentina,ARG,2014,3.4
Argentina,ARG,2015,3.6
Argentina,ARG,2016,3.8
Armenia,ARM,2000,23.8
Armenia,ARM,2001,23.5
Armenia,ARM,2002,20.7
Armenia,ARM,2003,15.6
Armenia,ARM,2004,10.9
Armenia,ARM,2005,7.8
Armenia,ARM,2006,6.1
Armenia,ARM,2007,5.4
Armenia,ARM,2008,5
Armenia,ARM,2009,5.3
Armenia,ARM,2010,5.5
Armenia,ARM,2011,5.6
Armenia,ARM,2012,5.1
Armenia,ARM,2013,4.6
Armenia,ARM,2014,4.3
Armenia,ARM,2015,4.3
Armenia,ARM,2016,4.3
Australia,AUS,2000,2.5
Australia,AUS,2001,2.5
Australia,AUS,2002,2.5
Australia,AUS,2003,2.5
Australia,AUS,2004,2.5
Australia,AUS,2005,2.5
Australia,AUS,2006,2.5
Australia,AUS,2007,2.5
Australia,AUS,2008,2.5
Australia,AUS,2009,2.5
Australia,AUS,2010,2.5
Australia,AUS,2011,2.5
Australia,AUS,2012,2.5
Australia,AUS,2013,2.5
Australia,AUS,2014,2.5
Australia,AUS,2015,2.5
Australia,AUS,2016,2.5
Austria,AUT,2000,2.5
Austria,AUT,2001,2.5
Austria,AUT,2002,2.5
Austria,AUT,2003,2.5
Austria,AUT,2004,2.5
Austria,AUT,2005,2.5
Austria,AUT,2006,2.5
Austria,AUT,2007,2.5
Austria,AUT,2008,2.5
Austria,AUT,2009,2.5
Austria,AUT,2010,2.5
Austria,AUT,2011,2.5
Austria,AUT,2012,2.5
Austria,AUT,2013,2.5
Austria,AUT,2014,2.5
Austria,AUT,2015,2.5
Austria,AUT,2016,2.5
Azerbaijan,AZE,2000,23
Azerbaijan,AZE,2001,18.6
Azerbaijan,AZE,2002,14.8
Azerbaijan,AZE,2003,11.4
Azerbaijan,AZE,2004,8.2
Azerbaijan,AZE,2005,5.5
Azerbaijan,AZE,2006,3.7
Azerbaijan,AZE,2007,2.8
Azerbaijan,AZE,2008,2.5
Azerbaijan,AZE,2009,2.5
Azerbaijan,AZE,2010,2.5
Azerbaijan,AZE,2011,2.5
Azerbaijan,AZE,2012,2.5
Azerbaijan,AZE,2013,2.5
Azerbaijan,AZE,2014,2.5
Azerbaijan,AZE,2015,2.5
Azerbaijan,AZE,2016,2.5
Bangladesh,BGD,2000,20.8
Bangladesh,BGD,2001,18.7
Bangladesh,BGD,2002,18.2
Bangladesh,BGD,2003,17.5
Bangladesh,BGD,2004,17.1
Bangladesh,BGD,2005,16.6
Bangladesh,BGD,2006,16.3
Bangladesh,BGD,2007,16.3
Bangladesh,BGD,2008,16.4
Bangladesh,BGD,2009,16.6
Bangladesh,BGD,2010,16.9
Bangladesh,BGD,2011,17
Bangladesh,BGD,2012,17
Bangladesh,BGD,2013,16.8
Bangladesh,BGD,2014,16.5
Bangladesh,BGD,2015,15.8
Bangladesh,BGD,2016,15.2
Barbados,BRB,2000,5.4
Barbados,BRB,2001,5.8
Barbados,BRB,2002,6.3
Barbados,BRB,2003,6.3
Barbados,BRB,2004,6.3
Barbados,BRB,2005,5.9
Barbados,BRB,2006,5.6
Barbados,BRB,2007,5.3
Barbados,BRB,2008,5.1
Barbados,BRB,2009,5
Barbados,BRB,2010,5
Barbados,BRB,2011,4.9
Barbados,BRB,2012,4.7
Barbados,BRB,2013,4.4
Barbados,BRB,2014,4
Barbados,BRB,2015,3.8
Barbados,BRB,2016,3.7
Belarus,BLR,2000,2.5
Belarus,BLR,2001,2.6
Belarus,BLR,2002,3.2
Belarus,BLR,2003,3.7
Belarus,BLR,2004,3.6
Belarus,BLR,2005,3
Belarus,BLR,2006,2.5
Belarus,BLR,2007,2.5
Belarus,BLR,2008,2.5
Belarus,BLR,2009,2.5
Belarus,BLR,2010,2.5
Belarus,BLR,2011,2.5
Belarus,BLR,2012,2.5
Belarus,BLR,2013,2.5
Belarus,BLR,2014,2.5
Belarus,BLR,2015,2.5
Belarus,BLR,2016,2.5
Belgium,BEL,2000,2.5
Belgium,BEL,2001,2.5
Belgium,BEL,2002,2.5
Belgium,BEL,2003,2.5
Belgium,BEL,2004,2.5
Belgium,BEL,2005,2.5
Belgium,BEL,2006,2.5
Belgium,BEL,2007,2.5
Belgium,BEL,2008,2.5
Belgium,BEL,2009,2.5
Belgium,BEL,2010,2.5
Belgium,BEL,2011,2.5
Belgium,BEL,2012,2.5
Belgium,BEL,2013,2.5
Belgium,BEL,2014,2.5
Belgium,BEL,2015,2.5
Belgium,BEL,2016,2.5
Belize,BLZ,2000,5.8
Belize,BLZ,2001,5
Belize,BLZ,2002,4.7
Belize,BLZ,2003,4.5
Belize,BLZ,2004,4.6
Belize,BLZ,2005,4.6
Belize,BLZ,2006,4.9
Belize,BLZ,2007,5.3
Belize,BLZ,2008,5.5
Belize,BLZ,2009,5.6
Belize,BLZ,2010,5.6
Belize,BLZ,2011,5.8
Belize,BLZ,2012,6.3
Belize,BLZ,2013,6.6
Belize,BLZ,2014,6.7
Belize,BLZ,2015,6.6
Belize,BLZ,2016,6.5
Benin,BEN,2000,22.7
Benin,BEN,2001,20.6
Benin,BEN,2002,18.6
Benin,BEN,2003,17.4
Benin,BEN,2004,16.3
Benin,BEN,2005,15.4
Benin,BEN,2006,14.3
Benin,BEN,2007,13.3
Benin,BEN,2008,12.7
Benin,BEN,2009,12.1
Benin,BEN,2010,11.8
Benin,BEN,2011,11.3
Benin,BEN,2012,10.8
Benin,BEN,2013,10.2
Benin,BEN,2014,9.6
Benin,BEN,2015,9.9
Benin,BEN,2016,10.4
Bolivia,BOL,2000,33.4
Bolivia,BOL,2001,31.6
Bolivia,BOL,2002,31.2
Bolivia,BOL,2003,31.4
Bolivia,BOL,2004,31.4
Bolivia,BOL,2005,30.3
Bolivia,BOL,2006,28.7
Bolivia,BOL,2007,28
Bolivia,BOL,2008,28.1
Bolivia,BOL,2009,28
Bolivia,BOL,2010,26.5
Bolivia,BOL,2011,24.6
Bolivia,BOL,2012,22.9
Bolivia,BOL,2013,21.4
Bolivia,BOL,2014,19.9
Bolivia,BOL,2015,19.6
Bolivia,BOL,2016,19.8
Bosnia and Herzegovina,BIH,2000,4.4
Bosnia and Herzegovina,BIH,2001,4.7
Bosnia and Herzegovina,BIH,2002,4.5
Bosnia and Herzegovina,BIH,2003,4.1
Bosnia and Herzegovina,BIH,2004,3.5
Bosnia and Herzegovina,BIH,2005,3.2
Bosnia and Herzegovina,BIH,2006,2.9
Bosnia and Herzegovina,BIH,2007,2.8
Bosnia and Herzegovina,BIH,2008,2.6
Bosnia and Herzegovina,BIH,2009,2.5
Bosnia and Herzegovina,BIH,2010,2.5
Bosnia and Herzegovina,BIH,2011,2.5
Bosnia and Herzegovina,BIH,2012,2.5
Bosnia and Herzegovina,BIH,2013,2.5
Bosnia and Herzegovina,BIH,2014,2.5
Bosnia and Herzegovina,BIH,2015,2.5
Bosnia and Herzegovina,BIH,2016,2.5
Botswana,BWA,2000,35.7
Botswana,BWA,2001,35
Botswana,BWA,2002,34.7
Botswana,BWA,2003,33.5
Botswana,BWA,2004,32.4
Botswana,BWA,2005,31.9
Botswana,BWA,2006,32.2
Botswana,BWA,2007,32.4
Botswana,BWA,2008,31.8
Botswana,BWA,2009,30.5
Botswana,BWA,2010,28.5
Botswana,BWA,2011,26.5
Botswana,BWA,2012,25.2
Botswana,BWA,2013,24.9
Botswana,BWA,2014,25.5
Botswana,BWA,2015,26.8
Botswana,BWA,2016,28.5
Brazil,BRA,2000,11.9
Brazil,BRA,2001,10.6
Brazil,BRA,2002,8.7
Brazil,BRA,2003,6.9
Brazil,BRA,2004,5.6
Brazil,BRA,2005,4.6
Brazil,BRA,2006,3.9
Brazil,BRA,2007,3.2
Brazil,BRA,2008,2.7
Brazil,BRA,2009,2.5
Brazil,BRA,2010,2.5
Brazil,BRA,2011,2.5
Brazil,BRA,2012,2.5
Brazil,BRA,2013,2.5
Brazil,BRA,2014,2.5
Brazil,BRA,2015,2.5
Brazil,BRA,2016,2.5
Brunei,BRN,2000,3.1
Brunei,BRN,2001,2.8
Brunei,BRN,2002,2.5
Brunei,BRN,2003,2.5
Brunei,BRN,2004,2.5
Brunei,BRN,2005,2.5
Brunei,BRN,2006,2.5
Brunei,BRN,2007,2.7
Brunei,BRN,2008,3
Brunei,BRN,2009,3.1
Brunei,BRN,2010,3.1
Brunei,BRN,2011,2.9
Brunei,BRN,2012,2.8
Brunei,BRN,2013,2.7
Brunei,BRN,2014,2.7
Brunei,BRN,2015,2.6
Brunei,BRN,2016,2.6
Bulgaria,BGR,2000,4.8
Bulgaria,BGR,2001,5.2
Bulgaria,BGR,2002,5.6
Bulgaria,BGR,2003,6
Bulgaria,BGR,2004,6.3
Bulgaria,BGR,2005,6.5
Bulgaria,BGR,2006,6.3
Bulgaria,BGR,2007,6.1
Bulgaria,BGR,2008,5.8
Bulgaria,BGR,2009,5.7
Bulgaria,BGR,2010,5.6
Bulgaria,BGR,2011,5.4
Bulgaria,BGR,2012,5
Bulgaria,BGR,2013,4.4
Bulgaria,BGR,2014,3.8
Bulgaria,BGR,2015,3.3
Bulgaria,BGR,2016,3
Burkina Faso,BFA,2000,25.4
Burkina Faso,BFA,2001,25.6
Burkina Faso,BFA,2002,25.8
Burkina Faso,BFA,2003,25.6
Burkina Faso,BFA,2004,25.3
Burkina Faso,BFA,2005,24.9
Burkina Faso,BFA,2006,24.2
Burkina Faso,BFA,2007,23.6
Burkina Faso,BFA,2008,22.7
Burkina Faso,BFA,2009,21.9
Burkina Faso,BFA,2010,21.2
Burkina Faso,BFA,2011,20.7
Burkina Faso,BFA,2012,20.3
Burkina Faso,BFA,2013,20.2
Burkina Faso,BFA,2014,20.3
Burkina Faso,BFA,2015,20.8
Burkina Faso,BFA,2016,21.3
Cambodia,KHM,2000,29.3
Cambodia,KHM,2001,26
Cambodia,KHM,2002,23.3
Cambodia,KHM,2003,21.8
Cambodia,KHM,2004,20.8
Cambodia,KHM,2005,20
Cambodia,KHM,2006,19.2
Cambodia,KHM,2007,18.8
Cambodia,KHM,2008,18.7
Cambodia,KHM,2009,18.8
Cambodia,KHM,2010,18.8
Cambodia,KHM,2011,18.7
Cambodia,KHM,2012,18.8
Cambodia,KHM,2013,18.8
Cambodia,KHM,2014,18.8
Cambodia,KHM,2015,18.7
Cambodia,KHM,2016,18.5
Cameroon,CMR,2000,30.8
Cameroon,CMR,2001,28.5
Cameroon,CMR,2002,26.5
Cameroon,CMR,2003,24.4
Cameroon,CMR,2004,22.4
Cameroon,CMR,2005,20.3
Cameroon,CMR,2006,18.2
Cameroon,CMR,2007,16.2
Cameroon,CMR,2008,14.4
Cameroon,CMR,2009,12.9
Cameroon,CMR,2010,11.5
Cameroon,CMR,2011,10.1
Cameroon,CMR,2012,8.7
Cameroon,CMR,2013,7.4
Cameroon,CMR,2014,6.5
Cameroon,CMR,2015,6.5
Cameroon,CMR,2016,7.3
Canada,CAN,2000,2.5
Canada,CAN,2001,2.5
Canada,CAN,2002,2.5
Canada,CAN,2003,2.5
Canada,CAN,2004,2.5
Canada,CAN,2005,2.5
Canada,CAN,2006,2.5
Canada,CAN,2007,2.5
Canada,CAN,2008,2.5
Canada,CAN,2009,2.5
Canada,CAN,2010,2.5
Canada,CAN,2011,2.5
Canada,CAN,2012,2.5
Canada,CAN,2013,2.5
Canada,CAN,2014,2.5
Canada,CAN,2015,2.5
Canada,CAN,2016,2.5
Cape Verde,CPV,2000,17.9
Cape Verde,CPV,2001,17.9
Cape Verde,CPV,2002,17.5
Cape Verde,CPV,2003,16.3
Cape Verde,CPV,2004,14.9
Cape Verde,CPV,2005,14
Cape Verde,CPV,2006,13.9
Cape Verde,CPV,2007,14
Cape Verde,CPV,2008,14.5
Cape Verde,CPV,2009,14.9
Cape Verde,CPV,2010,15.3
Cape Verde,CPV,2011,15.1
Cape Verde,CPV,2012,14.7
Cape Verde,CPV,2013,14
Cape Verde,CPV,2014,13.3
Cape Verde,CPV,2015,12.7
Cape Verde,CPV,2016,12.3
Caribbean small states,,2000,8.859095748
Caribbean small states,,2001,8.382127573
Caribbean small states,,2002,8.268234478
Caribbean small states,,2003,8.366113307
Caribbean small states,,2004,8.506086226
Caribbean small states,,2005,8.514346278
Caribbean small states,,2006,8.550816063
Caribbean small states,,2007,8.612520964
Caribbean small states,,2008,8.785283131
Caribbean small states,,2009,8.85687591
Caribbean small states,,2010,8.776625224
Caribbean small states,,2011,8.57973438
Caribbean small states,,2012,8.337160971
Caribbean small states,,2013,8.085969156
Caribbean small states,,2014,7.843226655
Caribbean small states,,2015,7.52891816
Caribbean small states,,2016,7.30109343
Central African Republic,CAF,2000,42.5
Central African Republic,CAF,2001,42
Central African Republic,CAF,2002,41.5
Central African Republic,CAF,2003,41.4
Central African Republic,CAF,2004,40.8
Central African Republic,CAF,2005,39.5
Central African Republic,CAF,2006,37.6
Central African Republic,CAF,2007,35.6
Central African Republic,CAF,2008,33.7
Central African Republic,CAF,2009,32.4
Central African Republic,CAF,2010,32
Central African Republic,CAF,2011,33.6
Central African Republic,CAF,2012,38.6
Central African Republic,CAF,2013,46.9
Central African Republic,CAF,2014,55.2
Central African Republic,CAF,2015,60.3
Central African Republic,CAF,2016,61.8
Central Europe and the Baltics,,2000,3.265996377
Central Europe and the Baltics,,2001,3.200468988
Central Europe and the Baltics,,2002,3.136890878
Central Europe and the Baltics,,2003,3.078482786
Central Europe and the Baltics,,2004,3.038308329
Central Europe and the Baltics,,2005,3.014206037
Central Europe and the Baltics,,2006,2.970655598
Central Europe and the Baltics,,2007,2.939558445
Central Europe and the Baltics,,2008,2.887402624
Central Europe and the Baltics,,2009,2.846386661
Central Europe and the Baltics,,2010,2.813400455
Central Europe and the Baltics,,2011,2.794133895
Central Europe and the Baltics,,2012,2.753661696
Central Europe and the Baltics,,2013,2.700812271
Central Europe and the Baltics,,2014,2.637704181
Central Europe and the Baltics,,2015,2.581718572
Central Europe and the Baltics,,2016,2.548981405
Chad,TCD,2000,40.1
Chad,TCD,2001,39.8
Chad,TCD,2002,39.7
Chad,TCD,2003,39.1
Chad,TCD,2004,39.1
Chad,TCD,2005,39.2
Chad,TCD,2006,39.8
Chad,TCD,2007,40.3
Chad,TCD,2008,40.7
Chad,TCD,2009,40.8
Chad,TCD,2010,40
Chad,TCD,2011,38.9
Chad,TCD,2012,37.7
Chad,TCD,2013,37.1
Chad,TCD,2014,37
Chad,TCD,2015,38.4
Chad,TCD,2016,39.7
Chile,CHL,2000,4.7
Chile,CHL,2001,4.4
Chile,CHL,2002,4.1
Chile,CHL,2003,4.1
Chile,CHL,2004,4
Chile,CHL,2005,3.9
Chile,CHL,2006,3.8
Chile,CHL,2007,3.9
Chile,CHL,2008,4.1
Chile,CHL,2009,4.2
Chile,CHL,2010,4.2
Chile,CHL,2011,4
Chile,CHL,2012,3.8
Chile,CHL,2013,3.7
Chile,CHL,2014,3.6
Chile,CHL,2015,3.3
Chile,CHL,2016,3.3
China,CHN,2000,15.9
China,CHN,2001,15.8
China,CHN,2002,15.7
China,CHN,2003,15.7
China,CHN,2004,15.5
China,CHN,2005,15.2
China,CHN,2006,14.8
China,CHN,2007,14.1
China,CHN,2008,13.4
China,CHN,2009,12.6
China,CHN,2010,11.8
China,CHN,2011,11.1
China,CHN,2012,10.4
China,CHN,2013,9.7
China,CHN,2014,9.1
China,CHN,2015,8.8
China,CHN,2016,8.7
Colombia,COL,2000,9.7
Colombia,COL,2001,9.4
Colombia,COL,2002,9.2
Colombia,COL,2003,9.2
Colombia,COL,2004,9.3
Colombia,COL,2005,9.7
Colombia,COL,2006,9.6
Colombia,COL,2007,9.3
Colombia,COL,2008,9.5
Colombia,COL,2009,10.4
Colombia,COL,2010,11.1
Colombia,COL,2011,10.9
Colombia,COL,2012,10
Colombia,COL,2013,8.9
Colombia,COL,2014,7.9
Colombia,COL,2015,7.1
Colombia,COL,2016,6.5
Congo,COG,2000,36.8
Congo,COG,2001,34
Congo,COG,2002,32.8
Congo,COG,2003,34.2
Congo,COG,2004,36.7
Congo,COG,2005,40.2
Congo,COG,2006,41.6
Congo,COG,2007,42.2
Congo,COG,2008,41.8
Congo,COG,2009,41.3
Congo,COG,2010,40.5
Congo,COG,2011,39.5
Congo,COG,2012,39.2
Congo,COG,2013,38.7
Congo,COG,2014,38.2
Congo,COG,2015,37.7
Congo,COG,2016,37.5
Costa Rica,CRI,2000,5.1
Costa Rica,CRI,2001,5.3
Costa Rica,CRI,2002,5.7
Costa Rica,CRI,2003,5.9
Costa Rica,CRI,2004,5.8
Costa Rica,CRI,2005,5.4
Costa Rica,CRI,2006,5.1
Costa Rica,CRI,2007,5
Costa Rica,CRI,2008,5.1
Costa Rica,CRI,2009,5.2
Costa Rica,CRI,2010,5.2
Costa Rica,CRI,2011,5.2
Costa Rica,CRI,2012,5.4
Costa Rica,CRI,2013,5.5
Costa Rica,CRI,2014,5.4
Costa Rica,CRI,2015,4.9
Costa Rica,CRI,2016,4.4
Cote d'Ivoire,CIV,2000,20.4
Cote d'Ivoire,CIV,2001,21.5
Cote d'Ivoire,CIV,2002,21.7
Cote d'Ivoire,CIV,2003,21.3
Cote d'Ivoire,CIV,2004,20.5
Cote d'Ivoire,CIV,2005,20
Cote d'Ivoire,CIV,2006,20
Cote d'Ivoire,CIV,2007,20.5
Cote d'Ivoire,CIV,2008,21.3
Cote d'Ivoire,CIV,2009,21.8
Cote d'Ivoire,CIV,2010,21.9
Cote d'Ivoire,CIV,2011,21.6
Cote d'Ivoire,CIV,2012,21.5
Cote d'Ivoire,CIV,2013,21.4
Cote d'Ivoire,CIV,2014,21.3
Cote d'Ivoire,CIV,2015,21.1
Cote d'Ivoire,CIV,2016,20.7
Croatia,HRV,2000,10.4
Croatia,HRV,2001,7.8
Croatia,HRV,2002,5.8
Croatia,HRV,2003,4.4
Croatia,HRV,2004,3.5
Croatia,HRV,2005,2.9
Croatia,HRV,2006,2.5
Croatia,HRV,2007,2.5
Croatia,HRV,2008,2.5
Croatia,HRV,2009,2.5
Croatia,HRV,2010,2.5
Croatia,HRV,2011,2.6
Croatia,HRV,2012,2.5
Croatia,HRV,2013,2.5
Croatia,HRV,2014,2.5
Croatia,HRV,2015,2.5
Croatia,HRV,2016,2.5
Cuba,CUB,2000,3.7
Cuba,CUB,2001,2.8
Cuba,CUB,2002,2.5
Cuba,CUB,2003,2.5
Cuba,CUB,2004,2.5
Cuba,CUB,2005,2.5
Cuba,CUB,2006,2.5
Cuba,CUB,2007,2.5
Cuba,CUB,2008,2.5
Cuba,CUB,2009,2.5
Cuba,CUB,2010,2.5
Cuba,CUB,2011,2.5
Cuba,CUB,2012,2.5
Cuba,CUB,2013,2.5
Cuba,CUB,2014,2.5
Cuba,CUB,2015,2.5
Cuba,CUB,2016,2.5
Cyprus,CYP,2000,3.5
Cyprus,CYP,2001,3.9
Cyprus,CYP,2002,4.4
Cyprus,CYP,2003,4.9
Cyprus,CYP,2004,5.4
Cyprus,CYP,2005,5.7
Cyprus,CYP,2006,5.6
Cyprus,CYP,2007,5.1
Cyprus,CYP,2008,4.7
Cyprus,CYP,2009,4.4
Cyprus,CYP,2010,4.3
Cyprus,CYP,2011,4.2
Cyprus,CYP,2012,4.3
Cyprus,CYP,2013,4.4
Cyprus,CYP,2014,4.5
Cyprus,CYP,2015,4.5
Cyprus,CYP,2016,4.6
Czech Republic,CZE,2000,2.5
Czech Republic,CZE,2001,2.5
Czech Republic,CZE,2002,2.5
Czech Republic,CZE,2003,2.5
Czech Republic,CZE,2004,2.5
Czech Republic,CZE,2005,2.5
Czech Republic,CZE,2006,2.5
Czech Republic,CZE,2007,2.5
Czech Republic,CZE,2008,2.5
Czech Republic,CZE,2009,2.5
Czech Republic,CZE,2010,2.5
Czech Republic,CZE,2011,2.5
Czech Republic,CZE,2012,2.5
Czech Republic,CZE,2013,2.5
Czech Republic,CZE,2014,2.5
Czech Republic,CZE,2015,2.5
Czech Republic,CZE,2016,2.5
Denmark,DNK,2000,2.5
Denmark,DNK,2001,2.5
Denmark,DNK,2002,2.5
Denmark,DNK,2003,2.5
Denmark,DNK,2004,2.5
Denmark,DNK,2005,2.5
Denmark,DNK,2006,2.5
Denmark,DNK,2007,2.5
Denmark,DNK,2008,2.5
Denmark,DNK,2009,2.5
Denmark,DNK,2010,2.5
Denmark,DNK,2011,2.5
Denmark,DNK,2012,2.5
Denmark,DNK,2013,2.5
Denmark,DNK,2014,2.5
Denmark,DNK,2015,2.5
Denmark,DNK,2016,2.5
Djibouti,DJI,2000,48.1
Djibouti,DJI,2001,45.4
Djibouti,DJI,2002,42.7
Djibouti,DJI,2003,39.8
Djibouti,DJI,2004,36.2
Djibouti,DJI,2005,32.2
Djibouti,DJI,2006,28.6
Djibouti,DJI,2007,25.6
Djibouti,DJI,2008,23.9
Djibouti,DJI,2009,22.9
Djibouti,DJI,2010,22.3
Djibouti,DJI,2011,21.3
Djibouti,DJI,2012,20.2
Djibouti,DJI,2013,19.3
Djibouti,DJI,2014,19.1
Djibouti,DJI,2015,19.4
Djibouti,DJI,2016,19.7
Dominica,DMA,2000,4.7
Dominica,DMA,2001,4.4
Dominica,DMA,2002,4.6
Dominica,DMA,2003,5
Dominica,DMA,2004,5.5
Dominica,DMA,2005,5.7
Dominica,DMA,2006,5.6
Dominica,DMA,2007,5.1
Dominica,DMA,2008,4.9
Dominica,DMA,2009,4.9
Dominica,DMA,2010,5.2
Dominica,DMA,2011,5.6
Dominica,DMA,2012,5.9
Dominica,DMA,2013,6
Dominica,DMA,2014,5.9
Dominica,DMA,2015,5.6
Dominica,DMA,2016,5.2
Dominican Republic,DOM,2000,28.1
Dominican Republic,DOM,2001,27.1
Dominican Republic,DOM,2002,27.5
Dominican Republic,DOM,2003,28.3
Dominican Republic,DOM,2004,27
Dominican Republic,DOM,2005,24.4
Dominican Republic,DOM,2006,21.9
Dominican Republic,DOM,2007,20.9
Dominican Republic,DOM,2008,20.2
Dominican Republic,DOM,2009,18.6
Dominican Republic,DOM,2010,16.5
Dominican Republic,DOM,2011,14.6
Dominican Republic,DOM,2012,13.4
Dominican Republic,DOM,2013,12.7
Dominican Republic,DOM,2014,11.9
Dominican Republic,DOM,2015,11.1
Dominican Republic,DOM,2016,10.4
Early-demographic dividend,,2000,18.3990974
Early-demographic dividend,,2001,18.70175215
Early-demographic dividend,,2002,19.29198053
Early-demographic dividend,,2003,19.59254221
Early-demographic dividend,,2004,19.55254108
Early-demographic dividend,,2005,18.91043984
Early-demographic dividend,,2006,17.89653691
Early-demographic dividend,,2007,16.89793625
Early-demographic dividend,,2008,16.09693858
Early-demographic dividend,,2009,15.52650226
Early-demographic dividend,,2010,15.07018863
Early-demographic dividend,,2011,14.70422977
Early-demographic dividend,,2012,14.38376436
Early-demographic dividend,,2013,14.01885236
Early-demographic dividend,,2014,13.60248302
Early-demographic dividend,,2015,13.24996372
Early-demographic dividend,,2016,12.9873826
East Asia & Pacific,,2000,16.20629726
East Asia & Pacific,,2001,15.98049118
East Asia & Pacific,,2002,15.69998127
East Asia & Pacific,,2003,15.49562448
East Asia & Pacific,,2004,15.17547316
East Asia & Pacific,,2005,14.83148957
East Asia & Pacific,,2006,14.39150382
East Asia & Pacific,,2007,13.7455866
East Asia & Pacific,,2008,13.06969136
East Asia & Pacific,,2009,12.23534286
East Asia & Pacific,,2010,11.38989146
East Asia & Pacific,,2011,10.64388033
East Asia & Pacific,,2012,10.0033346
East Asia & Pacific,,2013,9.433534534
East Asia & Pacific,,2014,8.955822909
East Asia & Pacific,,2015,8.772936149
East Asia & Pacific,,2016,8.731240322
East Asia & Pacific (IDA & IBRD),,2000,17.6527698
East Asia & Pacific (IDA & IBRD),,2001,17.39014266
East Asia & Pacific (IDA & IBRD),,2002,17.08084864
East Asia & Pacific (IDA & IBRD),,2003,16.85204926
East Asia & Pacific (IDA & IBRD),,2004,16.48398428
East Asia & Pacific (IDA & IBRD),,2005,16.06685
East Asia & Pacific (IDA & IBRD),,2006,15.53446434
East Asia & Pacific (IDA & IBRD),,2007,14.76838631
East Asia & Pacific (IDA & IBRD),,2008,13.97724305
East Asia & Pacific (IDA & IBRD),,2009,13.01866392
East Asia & Pacific (IDA & IBRD),,2010,12.05331934
East Asia & Pacific (IDA & IBRD),,2011,11.20710497
East Asia & Pacific (IDA & IBRD),,2012,10.48265568
East Asia & Pacific (IDA & IBRD),,2013,9.836166187
East Asia & Pacific (IDA & IBRD),,2014,9.287335471
East Asia & Pacific (IDA & IBRD),,2015,9.075181817
East Asia & Pacific (IDA & IBRD),,2016,9.020267745
East Asia & Pacific (excluding high income),,2000,17.90418761
East Asia & Pacific (excluding high income),,2001,17.63969339
East Asia & Pacific (excluding high income),,2002,17.31405609
East Asia & Pacific (excluding high income),,2003,17.0755397
East Asia & Pacific (excluding high income),,2004,16.70706504
East Asia & Pacific (excluding high income),,2005,16.31152046
East Asia & Pacific (excluding high income),,2006,15.80960976
East Asia & Pacific (excluding high income),,2007,15.07805419
East Asia & Pacific (excluding high income),,2008,14.31523097
East Asia & Pacific (excluding high income),,2009,13.37688024
East Asia & Pacific (excluding high income),,2010,12.42677415
East Asia & Pacific (excluding high income),,2011,11.58924884
East Asia & Pacific (excluding high income),,2012,10.8719043
East Asia & Pacific (excluding high income),,2013,10.23399376
East Asia & Pacific (excluding high income),,2014,9.698677158
East Asia & Pacific (excluding high income),,2015,9.494533713
East Asia & Pacific (excluding high income),,2016,9.446782231
Ecuador,ECU,2000,18.5
Ecuador,ECU,2001,18.8
Ecuador,ECU,2002,18.9
Ecuador,ECU,2003,18.6
Ecuador,ECU,2004,17.7
Ecuador,ECU,2005,17
Ecuador,ECU,2006,16.2
Ecuador,ECU,2007,15.6
Ecuador,ECU,2008,14.4
Ecuador,ECU,2009,12.8
Ecuador,ECU,2010,10.7
Ecuador,ECU,2011,9.1
Ecuador,ECU,2012,8.3
Ecuador,ECU,2013,8.2
Ecuador,ECU,2014,8.2
Ecuador,ECU,2015,8
Ecuador,ECU,2016,7.8
Egypt,EGY,2000,5.2
Egypt,EGY,2001,5.1
Egypt,EGY,2002,5.2
Egypt,EGY,2003,5.3
Egypt,EGY,2004,5.5
Egypt,EGY,2005,5.4
Egypt,EGY,2006,5.1
Egypt,EGY,2007,4.8
Egypt,EGY,2008,4.6
Egypt,EGY,2009,4.5
Egypt,EGY,2010,4.5
Egypt,EGY,2011,4.5
Egypt,EGY,2012,4.4
Egypt,EGY,2013,4.4
Egypt,EGY,2014,4.4
Egypt,EGY,2015,4.6
Egypt,EGY,2016,4.8
El Salvador,SLV,2000,11
El Salvador,SLV,2001,9.3
El Salvador,SLV,2002,8.9
El Salvador,SLV,2003,9.3
El Salvador,SLV,2004,10
El Salvador,SLV,2005,10.5
El Salvador,SLV,2006,10.8
El Salvador,SLV,2007,11
El Salvador,SLV,2008,11.4
El Salvador,SLV,2009,11.9
El Salvador,SLV,2010,12.4
El Salvador,SLV,2011,12.5
El Salvador,SLV,2012,12.3
El Salvador,SLV,2013,11.8
El Salvador,SLV,2014,11.3
El Salvador,SLV,2015,11
El Salvador,SLV,2016,10.3
Estonia,EST,2000,5.6
Estonia,EST,2001,5.5
Estonia,EST,2002,5.5
Estonia,EST,2003,5.2
Estonia,EST,2004,4.8
Estonia,EST,2005,4.2
Estonia,EST,2006,3.7
Estonia,EST,2007,3.2
Estonia,EST,2008,2.8
Estonia,EST,2009,2.6
Estonia,EST,2010,2.6
Estonia,EST,2011,2.7
Estonia,EST,2012,2.9
Estonia,EST,2013,2.9
Estonia,EST,2014,2.9
Estonia,EST,2015,2.9
Estonia,EST,2016,2.8
Ethiopia,ETH,2000,52
Ethiopia,ETH,2001,49
Ethiopia,ETH,2002,46.7
Ethiopia,ETH,2003,44.2
Ethiopia,ETH,2004,42
Ethiopia,ETH,2005,39.7
Ethiopia,ETH,2006,38.5
Ethiopia,ETH,2007,37.2
Ethiopia,ETH,2008,35.6
Ethiopia,ETH,2009,33.7
Ethiopia,ETH,2010,32.1
Ethiopia,ETH,2011,30.7
Ethiopia,ETH,2012,29
Ethiopia,ETH,2013,26.9
Ethiopia,ETH,2014,24.7
Ethiopia,ETH,2015,22.8
Ethiopia,ETH,2016,21.4
Euro area,,2000,2.594066955
Euro area,,2001,2.59827548
Euro area,,2002,2.596007632
Euro area,,2003,2.587436025
Euro area,,2004,2.580806016
Euro area,,2005,2.577330066
Euro area,,2006,2.573129579
Euro area,,2007,2.566069927
Euro area,,2008,2.554985734
Euro area,,2009,2.543560625
Euro area,,2010,2.535223438
Euro area,,2011,2.532242644
Euro area,,2012,2.530170698
Euro area,,2013,2.527263495
Euro area,,2014,2.521170072
Euro area,,2015,2.514778081
Euro area,,2016,2.511561827
Europe & Central Asia,,2000,4.111163964
Europe & Central Asia,,2001,3.962065607
Europe & Central Asia,,2002,3.758641639
Europe & Central Asia,,2003,3.535656799
Europe & Central Asia,,2004,3.320873706
Europe & Central Asia,,2005,3.17185236
Europe & Central Asia,,2006,3.084265459
Europe & Central Asia,,2007,3.009325512
Europe & Central Asia,,2008,2.959701955
Europe & Central Asia,,2009,2.923983295
Europe & Central Asia,,2010,2.894713739
Europe & Central Asia,,2011,2.861243323
Europe & Central Asia,,2012,2.827867172
Europe & Central Asia,,2013,2.808024873
Europe & Central Asia,,2014,2.798381848
Europe & Central Asia,,2015,2.808752514
Europe & Central Asia,,2016,2.832432048
Europe & Central Asia (IDA & IBRD),,2000,5.691405624
Europe & Central Asia (IDA & IBRD),,2001,5.392161779
Europe & Central Asia (IDA & IBRD),,2002,4.987609032
Europe & Central Asia (IDA & IBRD),,2003,4.545227828
Europe & Central Asia (IDA & IBRD),,2004,4.1157242
Europe & Central Asia (IDA & IBRD),,2005,3.816447043
Europe & Central Asia (IDA & IBRD),,2006,3.631826797
Europe & Central Asia (IDA & IBRD),,2007,3.486957899
Europe & Central Asia (IDA & IBRD),,2008,3.395967771
Europe & Central Asia (IDA & IBRD),,2009,3.332196002
Europe & Central Asia (IDA & IBRD),,2010,3.278746553
Europe & Central Asia (IDA & IBRD),,2011,3.211228828
Europe & Central Asia (IDA & IBRD),,2012,3.144355334
Europe & Central Asia (IDA & IBRD),,2013,3.105900266
Europe & Central Asia (IDA & IBRD),,2014,3.090775774
Europe & Central Asia (IDA & IBRD),,2015,3.116509863
Europe & Central Asia (IDA & IBRD),,2016,3.166829969
Europe & Central Asia (excluding high income),,2000,5.962890227
Europe & Central Asia (excluding high income),,2001,5.660300668
Europe & Central Asia (excluding high income),,2002,5.23339541
Europe & Central Asia (excluding high income),,2003,4.756839603
Europe & Central Asia (excluding high income),,2004,4.288664558
Europe & Central Asia (excluding high income),,2005,3.962131383
Europe & Central Asia (excluding high income),,2006,3.758233597
Europe & Central Asia (excluding high income),,2007,3.596968592
Europe & Central Asia (excluding high income),,2008,3.495614708
Europe & Central Asia (excluding high income),,2009,3.424417257
Europe & Central Asia (excluding high income),,2010,3.364393448
Europe & Central Asia (excluding high income),,2011,3.287729824
Europe & Central Asia (excluding high income),,2012,3.214279536
Europe & Central Asia (excluding high income),,2013,3.171223706
Europe & Central Asia (excluding high income),,2014,3.154041702
Europe & Central Asia (excluding high income),,2015,3.182049729
Europe & Central Asia (excluding high income),,2016,3.237240722
European Union,,2000,2.672030243
European Union,,2001,2.657118146
European Union,,2002,2.642877443
European Union,,2003,2.630320606
European Union,,2004,2.621906824
European Union,,2005,2.616673949
European Union,,2006,2.606600261
European Union,,2007,2.598298505
European Union,,2008,2.585900886
European Union,,2009,2.57635481
European Union,,2010,2.568924091
European Union,,2011,2.564587981
European Union,,2012,2.556239426
European Union,,2013,2.545399591
European Union,,2014,2.532579052
European Union,,2015,2.521109819
European Union,,2016,2.514674867
Fiji,FJI,2000,4.8
Fiji,FJI,2001,4.7
Fiji,FJI,2002,4.6
Fiji,FJI,2003,4.5
Fiji,FJI,2004,4.4
Fiji,FJI,2005,4.3
Fiji,FJI,2006,4.2
Fiji,FJI,2007,4.3
Fiji,FJI,2008,4.3
Fiji,FJI,2009,4.5
Fiji,FJI,2010,4.5
Fiji,FJI,2011,4.5
Fiji,FJI,2012,4.4
Fiji,FJI,2013,4.4
Fiji,FJI,2014,4.4
Fiji,FJI,2015,4.4
Fiji,FJI,2016,4.4
Finland,FIN,2000,2.5
Finland,FIN,2001,2.5
Finland,FIN,2002,2.5
Finland,FIN,2003,2.5
Finland,FIN,2004,2.5
Finland,FIN,2005,2.5
Finland,FIN,2006,2.5
Finland,FIN,2007,2.5
Finland,FIN,2008,2.5
Finland,FIN,2009,2.5
Finland,FIN,2010,2.5
Finland,FIN,2011,2.5
Finland,FIN,2012,2.5
Finland,FIN,2013,2.5
Finland,FIN,2014,2.5
Finland,FIN,2015,2.5
Finland,FIN,2016,2.5
Fragile and conflict affected situations,,2012,24.58398971
Fragile and conflict affected situations,,2013,25.01595505
Fragile and conflict affected situations,,2014,25.54241244
Fragile and conflict affected situations,,2015,25.99390269
Fragile and conflict affected situations,,2016,26.15026855
France,FRA,2000,2.5
France,FRA,2001,2.5
France,FRA,2002,2.5
France,FRA,2003,2.5
France,FRA,2004,2.5
France,FRA,2005,2.5
France,FRA,2006,2.5
France,FRA,2007,2.5
France,FRA,2008,2.5
France,FRA,2009,2.5
France,FRA,2010,2.5
France,FRA,2011,2.5
France,FRA,2012,2.5
France,FRA,2013,2.5
France,FRA,2014,2.5
France,FRA,2015,2.5
France,FRA,2016,2.5
French Polynesia,PYF,2000,4.6
French Polynesia,PYF,2001,4.3
French Polynesia,PYF,2002,4
French Polynesia,PYF,2003,3.9
French Polynesia,PYF,2004,3.9
French Polynesia,PYF,2005,3.9
French Polynesia,PYF,2006,4
French Polynesia,PYF,2007,4
French Polynesia,PYF,2008,4.1
French Polynesia,PYF,2009,4.1
French Polynesia,PYF,2010,4.2
French Polynesia,PYF,2011,4.2
French Polynesia,PYF,2012,4.1
French Polynesia,PYF,2013,4.2
French Polynesia,PYF,2014,4.2
French Polynesia,PYF,2015,4.3
French Polynesia,PYF,2016,4.4
Gabon,GAB,2000,10.5
Gabon,GAB,2001,10.8
Gabon,GAB,2002,11.3
Gabon,GAB,2003,11.4
Gabon,GAB,2004,11.2
Gabon,GAB,2005,10.9
Gabon,GAB,2006,11
Gabon,GAB,2007,11.2
Gabon,GAB,2008,11.5
Gabon,GAB,2009,11.3
Gabon,GAB,2010,10.8
Gabon,GAB,2011,10
Gabon,GAB,2012,9.4
Gabon,GAB,2013,9
Gabon,GAB,2014,8.8
Gabon,GAB,2015,9.1
Gabon,GAB,2016,9.4
Gambia,GMB,2000,13.1
Gambia,GMB,2001,12.9
Gambia,GMB,2002,13.8
Gambia,GMB,2003,14.6
Gambia,GMB,2004,15.1
Gambia,GMB,2005,15.1
Gambia,GMB,2006,14.5
Gambia,GMB,2007,12.9
Gambia,GMB,2008,11.3
Gambia,GMB,2009,10
Gambia,GMB,2010,9.3
Gambia,GMB,2011,9.1
Gambia,GMB,2012,9.4
Gambia,GMB,2013,9.7
Gambia,GMB,2014,9.9
Gambia,GMB,2015,9.8
Gambia,GMB,2016,9.6
Georgia,GEO,2000,13.5
Georgia,GEO,2001,13.6
Georgia,GEO,2002,11.4
Georgia,GEO,2003,9.2
Georgia,GEO,2004,7.9
Georgia,GEO,2005,7.2
Georgia,GEO,2006,7
Georgia,GEO,2007,6.8
Georgia,GEO,2008,6.7
Georgia,GEO,2009,7
Georgia,GEO,2010,7.7
Georgia,GEO,2011,8.1
Georgia,GEO,2012,8
Georgia,GEO,2013,7.6
Georgia,GEO,2014,7.5
Georgia,GEO,2015,7.4
Georgia,GEO,2016,7.4
Germany,DEU,2000,2.5
Germany,DEU,2001,2.5
Germany,DEU,2002,2.5
Germany,DEU,2003,2.5
Germany,DEU,2004,2.5
Germany,DEU,2005,2.5
Germany,DEU,2006,2.5
Germany,DEU,2007,2.5
Germany,DEU,2008,2.5
Germany,DEU,2009,2.5
Germany,DEU,2010,2.5
Germany,DEU,2011,2.5
Germany,DEU,2012,2.5
Germany,DEU,2013,2.5
Germany,DEU,2014,2.5
Germany,DEU,2015,2.5
Germany,DEU,2016,2.5
Ghana,GHA,2000,15.6
Ghana,GHA,2001,13.6
Ghana,GHA,2002,12
Ghana,GHA,2003,11
Ghana,GHA,2004,10.1
Ghana,GHA,2005,9.3
Ghana,GHA,2006,8.3
Ghana,GHA,2007,7.3
Ghana,GHA,2008,6.3
Ghana,GHA,2009,5.6
Ghana,GHA,2010,5.3
Ghana,GHA,2011,5.5
Ghana,GHA,2012,5.9
Ghana,GHA,2013,6.3
Ghana,GHA,2014,6.4
Ghana,GHA,2015,6.3
Ghana,GHA,2016,6.1
Greece,GRC,2000,2.5
Greece,GRC,2001,2.5
Greece,GRC,2002,2.5
Greece,GRC,2003,2.5
Greece,GRC,2004,2.5
Greece,GRC,2005,2.5
Greece,GRC,2006,2.5
Greece,GRC,2007,2.5
Greece,GRC,2008,2.5
Greece,GRC,2009,2.5
Greece,GRC,2010,2.5
Greece,GRC,2011,2.5
Greece,GRC,2012,2.5
Greece,GRC,2013,2.5
Greece,GRC,2014,2.5
Greece,GRC,2015,2.5
Greece,GRC,2016,2.5
Guatemala,GTM,2000,20.5
Guatemala,GTM,2001,18.1
Guatemala,GTM,2002,16.4
Guatemala,GTM,2003,15.8
Guatemala,GTM,2004,15.8
Guatemala,GTM,2005,15.8
Guatemala,GTM,2006,15.8
Guatemala,GTM,2007,15.7
Guatemala,GTM,2008,15.9
Guatemala,GTM,2009,15.7
Guatemala,GTM,2010,15.8
Guatemala,GTM,2011,15.8
Guatemala,GTM,2012,16.4
Guatemala,GTM,2013,16.6
Guatemala,GTM,2014,16.5
Guatemala,GTM,2015,16.1
Guatemala,GTM,2016,15.8
Guinea,GIN,2000,26.3
Guinea,GIN,2001,25.5
Guinea,GIN,2002,24.7
Guinea,GIN,2003,23.8
Guinea,GIN,2004,22.5
Guinea,GIN,2005,21.3
Guinea,GIN,2006,20.2
Guinea,GIN,2007,19.3
Guinea,GIN,2008,18.5
Guinea,GIN,2009,18
Guinea,GIN,2010,17.6
Guinea,GIN,2011,17.3
Guinea,GIN,2012,16.9
Guinea,GIN,2013,16.8
Guinea,GIN,2014,17
Guinea,GIN,2015,18.5
Guinea,GIN,2016,19.7
Guinea-Bissau,GNB,2000,25.7
Guinea-Bissau,GNB,2001,24.4
Guinea-Bissau,GNB,2002,24.2
Guinea-Bissau,GNB,2003,24.5
Guinea-Bissau,GNB,2004,24.6
Guinea-Bissau,GNB,2005,24.4
Guinea-Bissau,GNB,2006,24.1
Guinea-Bissau,GNB,2007,23.7
Guinea-Bissau,GNB,2008,23.3
Guinea-Bissau,GNB,2009,22.8
Guinea-Bissau,GNB,2010,22.2
Guinea-Bissau,GNB,2011,22.2
Guinea-Bissau,GNB,2012,22.8
Guinea-Bissau,GNB,2013,24.1
Guinea-Bissau,GNB,2014,25.4
Guinea-Bissau,GNB,2015,26.1
Guinea-Bissau,GNB,2016,26
Guyana,GUY,2000,8.3
Guyana,GUY,2001,7.9
Guyana,GUY,2002,8.1
Guyana,GUY,2003,8.5
Guyana,GUY,2004,9
Guyana,GUY,2005,9.4
Guyana,GUY,2006,10
Guyana,GUY,2007,10.6
Guyana,GUY,2008,11.2
Guyana,GUY,2009,11.4
Guyana,GUY,2010,11.2
Guyana,GUY,2011,10.5
Guyana,GUY,2012,9.5
Guyana,GUY,2013,8.7
Guyana,GUY,2014,8.1
Guyana,GUY,2015,7.8
Guyana,GUY,2016,7.5
Haiti,HTI,2000,54.9
Haiti,HTI,2001,56
Haiti,HTI,2002,56.9
Haiti,HTI,2003,57.6
Haiti,HTI,2004,57.6
Haiti,HTI,2005,57.1
Haiti,HTI,2006,55.9
Haiti,HTI,2007,54.5
Haiti,HTI,2008,52.5
Haiti,HTI,2009,50.8
Haiti,HTI,2010,49.5
Haiti,HTI,2011,49.5
Haiti,HTI,2012,49.6
Haiti,HTI,2013,49.6
Haiti,HTI,2014,48.8
Haiti,HTI,2015,47.5
Haiti,HTI,2016,45.8
Heavily indebted poor countries (HIPC),,2000,35.37820807
Heavily indebted poor countries (HIPC),,2001,34.44498604
Heavily indebted poor countries (HIPC),,2002,33.49548364
Heavily indebted poor countries (HIPC),,2003,32.41156906
Heavily indebted poor countries (HIPC),,2004,31.25139348
Heavily indebted poor countries (HIPC),,2005,30.0977269
Heavily indebted poor countries (HIPC),,2006,29.13217353
Heavily indebted poor countries (HIPC),,2007,28.29757709
Heavily indebted poor countries (HIPC),,2008,27.49876985
Heavily indebted poor countries (HIPC),,2009,26.6862318
Heavily indebted poor countries (HIPC),,2010,25.95206642
Heavily indebted poor countries (HIPC),,2011,25.34341331
Heavily indebted poor countries (HIPC),,2012,24.98295327
Heavily indebted poor countries (HIPC),,2013,24.78743049
Heavily indebted poor countries (HIPC),,2014,24.73959385
Heavily indebted poor countries (HIPC),,2015,25.04363854
Heavily indebted poor countries (HIPC),,2016,25.36662149
High income,,2000,2.828985834
High income,,2001,2.8440362
High income,,2002,2.873420792
High income,,2003,2.895903619
High income,,2004,2.899921285
High income,,2005,2.882461597
High income,,2006,2.866086503
High income,,2007,2.855933908
High income,,2008,2.851064229
High income,,2009,2.841890252
High income,,2010,2.81745373
High income,,2011,2.788469793
High income,,2012,2.74846081
High income,,2013,2.723009286
High income,,2014,2.705202178
High income,,2015,2.699840997
High income,,2016,2.699887778
Honduras,HND,2000,19.6
Honduras,HND,2001,18.5
Honduras,HND,2002,17.8
Honduras,HND,2003,17.5
Honduras,HND,2004,17.3
Honduras,HND,2005,17
Honduras,HND,2006,16.3
Honduras,HND,2007,15.7
Honduras,HND,2008,15.3
Honduras,HND,2009,15.2
Honduras,HND,2010,15.2
Honduras,HND,2011,15.2
Honduras,HND,2012,15.3
Honduras,HND,2013,15.4
Honduras,HND,2014,15.6
Honduras,HND,2015,15.5
Honduras,HND,2016,15.3
Hong Kong,HKG,2000,2.5
Hong Kong,HKG,2001,2.5
Hong Kong,HKG,2002,2.5
Hong Kong,HKG,2003,2.5
Hong Kong,HKG,2004,2.5
Hong Kong,HKG,2005,2.5
Hong Kong,HKG,2006,2.5
Hong Kong,HKG,2007,2.5
Hong Kong,HKG,2008,2.5
Hong Kong,HKG,2009,2.5
Hong Kong,HKG,2010,2.5
Hong Kong,HKG,2011,2.5
Hong Kong,HKG,2012,2.5
Hong Kong,HKG,2013,2.5
Hong Kong,HKG,2014,2.5
Hong Kong,HKG,2015,2.5
Hong Kong,HKG,2016,2.5
Hungary,HUN,2000,2.5
Hungary,HUN,2001,2.5
Hungary,HUN,2002,2.5
Hungary,HUN,2003,2.5
Hungary,HUN,2004,2.5
Hungary,HUN,2005,2.5
Hungary,HUN,2006,2.5
Hungary,HUN,2007,2.5
Hungary,HUN,2008,2.5
Hungary,HUN,2009,2.5
Hungary,HUN,2010,2.5
Hungary,HUN,2011,2.5
Hungary,HUN,2012,2.5
Hungary,HUN,2013,2.5
Hungary,HUN,2014,2.5
Hungary,HUN,2015,2.5
Hungary,HUN,2016,2.5
IBRD only,,2000,14.84898212
IBRD only,,2001,14.97717725
IBRD only,,2002,15.20815813
IBRD only,,2003,15.37038217
IBRD only,,2004,15.31238238
IBRD only,,2005,14.91473576
IBRD only,,2006,14.20949915
IBRD only,,2007,13.41889636
IBRD only,,2008,12.74281558
IBRD only,,2009,12.19036933
IBRD only,,2010,11.69421648
IBRD only,,2011,11.27810302
IBRD only,,2012,10.88738735
IBRD only,,2013,10.44900274
IBRD only,,2014,10.00557645
IBRD only,,2015,9.727153709
IBRD only,,2016,9.578409549
IDA & IBRD total,,2000,17.32625534
IDA & IBRD total,,2001,17.33115385
IDA & IBRD total,,2002,17.44890419
IDA & IBRD total,,2003,17.42026768
IDA & IBRD total,,2004,17.17549847
IDA & IBRD total,,2005,16.63491063
IDA & IBRD total,,2006,15.89882628
IDA & IBRD total,,2007,15.13893378
IDA & IBRD total,,2008,14.49859879
IDA & IBRD total,,2009,13.96680441
IDA & IBRD total,,2010,13.50273433
IDA & IBRD total,,2011,13.12081812
IDA & IBRD total,,2012,12.86471329
IDA & IBRD total,,2013,12.53524375
IDA & IBRD total,,2014,12.23854837
IDA & IBRD total,,2015,12.11014335
IDA & IBRD total,,2016,12.11954143
IDA blend,,2000,19.83281566
IDA blend,,2001,20.35228717
IDA blend,,2002,20.82693999
IDA blend,,2003,20.30611776
IDA blend,,2004,19.23548897
IDA blend,,2005,17.93021007
IDA blend,,2006,17.02137447
IDA blend,,2007,16.45532407
IDA blend,,2008,16.12689612
IDA blend,,2009,15.85630689
IDA blend,,2010,15.62431923
IDA blend,,2011,15.46601338
IDA blend,,2012,15.30980994
IDA blend,,2013,15.40487659
IDA blend,,2014,15.72263241
IDA blend,,2015,16.22412081
IDA blend,,2016,17.12895144
IDA only,,2000,32.26045036
IDA only,,2001,30.94998627
IDA only,,2002,29.93118605
IDA only,,2003,28.79013858
IDA only,,2004,27.688192
IDA only,,2005,26.56142637
IDA only,,2006,25.62821724
IDA only,,2007,24.81912084
IDA only,,2008,24.08924043
IDA only,,2009,23.40359913
IDA only,,2010,22.86343791
IDA only,,2011,22.41660554
IDA only,,2012,22.3079395
IDA only,,2013,22.19158111
IDA only,,2014,22.18868912
IDA only,,2015,22.34438272
IDA only,,2016,22.51305556
IDA total,,2000,27.66793446
IDA total,,2001,27.0381028
IDA total,,2002,26.57442225
IDA total,,2003,25.66530743
IDA total,,2004,24.57719307
IDA total,,2005,23.3857126
IDA total,,2006,22.46097064
IDA total,,2007,21.73942727
IDA total,,2008,21.15464689
IDA total,,2009,20.61911367
IDA total,,2010,20.18875837
IDA total,,2011,19.84510565
IDA total,,2012,19.78922978
IDA total,,2013,19.74717896
IDA total,,2014,19.85805337
IDA total,,2015,20.13678143
IDA total,,2016,20.56965216
Iceland,ISL,2000,2.5
Iceland,ISL,2001,2.5
Iceland,ISL,2002,2.5
Iceland,ISL,2003,2.5
Iceland,ISL,2004,2.5
Iceland,ISL,2005,2.5
Iceland,ISL,2006,2.5
Iceland,ISL,2007,2.5
Iceland,ISL,2008,2.5
Iceland,ISL,2009,2.5
Iceland,ISL,2010,2.5
Iceland,ISL,2011,2.5
Iceland,ISL,2012,2.5
Iceland,ISL,2013,2.5
Iceland,ISL,2014,2.5
Iceland,ISL,2015,2.5
Iceland,ISL,2016,2.5
India,IND,2000,18.2
India,IND,2001,19.4
India,IND,2002,21
India,IND,2003,22.2
India,IND,2004,22.8
India,IND,2005,22.2
India,IND,2006,20.7
India,IND,2007,19.2
India,IND,2008,18.1
India,IND,2009,17.7
India,IND,2010,17.5
India,IND,2011,17.4
India,IND,2012,17.2
India,IND,2013,16.7
India,IND,2014,16
India,IND,2015,15.3
India,IND,2016,14.8
Indonesia,IDN,2000,17.8
Indonesia,IDN,2001,18.2
Indonesia,IDN,2002,18.4
Indonesia,IDN,2003,18.4
Indonesia,IDN,2004,18.4
Indonesia,IDN,2005,18.5
Indonesia,IDN,2006,18.3
Indonesia,IDN,2007,17.8
Indonesia,IDN,2008,16.9
Indonesia,IDN,2009,14.8
Indonesia,IDN,2010,12.4
Indonesia,IDN,2011,10.1
Indonesia,IDN,2012,8.5
Indonesia,IDN,2013,7.6
Indonesia,IDN,2014,6.9
Indonesia,IDN,2015,7.3
Indonesia,IDN,2016,7.7
Iran,IRN,2000,4.9
Iran,IRN,2001,5.4
Iran,IRN,2002,5.7
Iran,IRN,2003,5.8
Iran,IRN,2004,5.9
Iran,IRN,2005,6.1
Iran,IRN,2006,6.4
Iran,IRN,2007,6.5
Iran,IRN,2008,6.4
Iran,IRN,2009,6.1
Iran,IRN,2010,5.8
Iran,IRN,2011,5.7
Iran,IRN,2012,5.6
Iran,IRN,2013,5.4
Iran,IRN,2014,5.2
Iran,IRN,2015,5.1
Iran,IRN,2016,4.9
Iraq,IRQ,2000,28.3
Iraq,IRQ,2001,26.9
Iraq,IRQ,2002,26.6
Iraq,IRQ,2003,27.1
Iraq,IRQ,2004,27.4
Iraq,IRQ,2005,28.2
Iraq,IRQ,2006,29.3
Iraq,IRQ,2007,30
Iraq,IRQ,2008,29.7
Iraq,IRQ,2009,28.5
Iraq,IRQ,2010,27.3
Iraq,IRQ,2011,26.7
Iraq,IRQ,2012,26.8
Iraq,IRQ,2013,27.4
Iraq,IRQ,2014,27.7
Iraq,IRQ,2015,27.8
Iraq,IRQ,2016,27.7
Ireland,IRL,2000,2.5
Ireland,IRL,2001,2.5
Ireland,IRL,2002,2.5
Ireland,IRL,2003,2.5
Ireland,IRL,2004,2.5
Ireland,IRL,2005,2.5
Ireland,IRL,2006,2.5
Ireland,IRL,2007,2.5
Ireland,IRL,2008,2.5
Ireland,IRL,2009,2.5
Ireland,IRL,2010,2.5
Ireland,IRL,2011,2.5
Ireland,IRL,2012,2.5
Ireland,IRL,2013,2.5
Ireland,IRL,2014,2.5
Ireland,IRL,2015,2.5
Ireland,IRL,2016,2.5
Israel,ISR,2000,2.5
Israel,ISR,2001,2.5
Israel,ISR,2002,2.5
Israel,ISR,2003,2.5
Israel,ISR,2004,2.5
Israel,ISR,2005,2.5
Israel,ISR,2006,2.5
Israel,ISR,2007,2.5
Israel,ISR,2008,2.5
Israel,ISR,2009,2.5
Israel,ISR,2010,2.5
Israel,ISR,2011,2.5
Israel,ISR,2012,2.5
Israel,ISR,2013,2.5
Israel,ISR,2014,2.5
Israel,ISR,2015,2.5
Israel,ISR,2016,2.5
Italy,ITA,2000,2.5
Italy,ITA,2001,2.5
Italy,ITA,2002,2.5
Italy,ITA,2003,2.5
Italy,ITA,2004,2.5
Italy,ITA,2005,2.5
Italy,ITA,2006,2.5
Italy,ITA,2007,2.5
Italy,ITA,2008,2.5
Italy,ITA,2009,2.5
Italy,ITA,2010,2.5
Italy,ITA,2011,2.5
Italy,ITA,2012,2.5
Italy,ITA,2013,2.5
Italy,ITA,2014,2.5
Italy,ITA,2015,2.5
Italy,ITA,2016,2.5
Jamaica,JAM,2000,7.4
Jamaica,JAM,2001,6.8
Jamaica,JAM,2002,6.6
Jamaica,JAM,2003,6.6
Jamaica,JAM,2004,6.8
Jamaica,JAM,2005,7
Jamaica,JAM,2006,7.3
Jamaica,JAM,2007,7.7
Jamaica,JAM,2008,8.2
Jamaica,JAM,2009,8.6
Jamaica,JAM,2010,8.8
Jamaica,JAM,2011,9
Jamaica,JAM,2012,9.2
Jamaica,JAM,2013,9.3
Jamaica,JAM,2014,9.3
Jamaica,JAM,2015,9
Jamaica,JAM,2016,8.9
Japan,JPN,2000,2.5
Japan,JPN,2001,2.5
Japan,JPN,2002,2.5
Japan,JPN,2003,2.5
Japan,JPN,2004,2.5
Japan,JPN,2005,2.5
Japan,JPN,2006,2.5
Japan,JPN,2007,2.5
Japan,JPN,2008,2.5
Japan,JPN,2009,2.5
Japan,JPN,2010,2.5
Japan,JPN,2011,2.5
Japan,JPN,2012,2.5
Japan,JPN,2013,2.5
Japan,JPN,2014,2.5
Japan,JPN,2015,2.5
Japan,JPN,2016,2.5
Jordan,JOR,2000,12.6
Jordan,JOR,2001,10.9
Jordan,JOR,2002,9
Jordan,JOR,2003,7.6
Jordan,JOR,2004,6.8
Jordan,JOR,2005,6.6
Jordan,JOR,2006,6.8
Jordan,JOR,2007,7.1
Jordan,JOR,2008,7.6
Jordan,JOR,2009,7.9
Jordan,JOR,2010,8.2
Jordan,JOR,2011,8.6
Jordan,JOR,2012,9.5
Jordan,JOR,2013,10.7
Jordan,JOR,2014,12
Jordan,JOR,2015,12.9
Jordan,JOR,2016,13.5
Kazakhstan,KAZ,2000,5.9
Kazakhstan,KAZ,2001,5.7
Kazakhstan,KAZ,2002,5.7
Kazakhstan,KAZ,2003,5.9
Kazakhstan,KAZ,2004,6.1
Kazakhstan,KAZ,2005,5.9
Kazakhstan,KAZ,2006,5.2
Kazakhstan,KAZ,2007,4.3
Kazakhstan,KAZ,2008,3.8
Kazakhstan,KAZ,2009,3.4
Kazakhstan,KAZ,2010,3.1
Kazakhstan,KAZ,2011,2.7
Kazakhstan,KAZ,2012,2.5
Kazakhstan,KAZ,2013,2.5
Kazakhstan,KAZ,2014,2.5
Kazakhstan,KAZ,2015,2.5
Kazakhstan,KAZ,2016,2.5
Kenya,KEN,2000,31.3
Kenya,KEN,2001,31.8
Kenya,KEN,2002,33.2
Kenya,KEN,2003,33
Kenya,KEN,2004,31.3
Kenya,KEN,2005,28.2
Kenya,KEN,2006,26.4
Kenya,KEN,2007,25.6
Kenya,KEN,2008,25.4
Kenya,KEN,2009,24.5
Kenya,KEN,2010,23.5
Kenya,KEN,2011,22.5
Kenya,KEN,2012,21.6
Kenya,KEN,2013,20.8
Kenya,KEN,2014,20.8
Kenya,KEN,2015,22.5
Kenya,KEN,2016,24.2
Kiribati,KIR,2000,4.4
Kiribati,KIR,2001,4.3
Kiribati,KIR,2002,4.5
Kiribati,KIR,2003,4.6
Kiribati,KIR,2004,4.7
Kiribati,KIR,2005,4.6
Kiribati,KIR,2006,4.6
Kiribati,KIR,2007,4.6
Kiribati,KIR,2008,4.4
Kiribati,KIR,2009,4.1
Kiribati,KIR,2010,3.7
Kiribati,KIR,2011,3.3
Kiribati,KIR,2012,3.1
Kiribati,KIR,2013,3.2
Kiribati,KIR,2014,3.3
Kiribati,KIR,2015,3.2
Kiribati,KIR,2016,3.1
Kuwait,KWT,2000,2.5
Kuwait,KWT,2001,2.5
Kuwait,KWT,2002,2.5
Kuwait,KWT,2003,2.5
Kuwait,KWT,2004,2.5
Kuwait,KWT,2005,2.5
Kuwait,KWT,2006,2.5
Kuwait,KWT,2007,2.5
Kuwait,KWT,2008,2.5
Kuwait,KWT,2009,2.5
Kuwait,KWT,2010,2.5
Kuwait,KWT,2011,2.5
Kuwait,KWT,2012,2.5
Kuwait,KWT,2013,2.5
Kuwait,KWT,2014,2.5
Kuwait,KWT,2015,2.5
Kuwait,KWT,2016,2.5
Kyrgyzstan,KGZ,2000,16.3
Kyrgyzstan,KGZ,2001,15.8
Kyrgyzstan,KGZ,2002,14.4
Kyrgyzstan,KGZ,2003,12
Kyrgyzstan,KGZ,2004,10.3
Kyrgyzstan,KGZ,2005,9.7
Kyrgyzstan,KGZ,2006,10.1
Kyrgyzstan,KGZ,2007,10.2
Kyrgyzstan,KGZ,2008,9.8
Kyrgyzstan,KGZ,2009,9
Kyrgyzstan,KGZ,2010,8.3
Kyrgyzstan,KGZ,2011,7.8
Kyrgyzstan,KGZ,2012,7.3
Kyrgyzstan,KGZ,2013,6.9
Kyrgyzstan,KGZ,2014,6.6
Kyrgyzstan,KGZ,2015,6.5
Kyrgyzstan,KGZ,2016,6.5
Laos,LAO,2000,37.7
Laos,LAO,2001,36
Laos,LAO,2002,33.9
Laos,LAO,2003,31.4
Laos,LAO,2004,29.1
Laos,LAO,2005,27
Laos,LAO,2006,25.9
Laos,LAO,2007,24.7
Laos,LAO,2008,23.9
Laos,LAO,2009,22.3
Laos,LAO,2010,21.1
Laos,LAO,2011,19.6
Laos,LAO,2012,18.7
Laos,LAO,2013,17.7
Laos,LAO,2014,17.2
Laos,LAO,2015,16.7
Laos,LAO,2016,16.6
Late-demographic dividend,,2000,14.28033103
Late-demographic dividend,,2001,13.9457721
Late-demographic dividend,,2002,13.51999072
Late-demographic dividend,,2003,13.18395466
Late-demographic dividend,,2004,12.79698336
Late-demographic dividend,,2005,12.44937357
Late-demographic dividend,,2006,12.03685971
Late-demographic dividend,,2007,11.47340046
Late-demographic dividend,,2008,10.93492301
Late-demographic dividend,,2009,10.37625096
Late-demographic dividend,,2010,9.822902647
Late-demographic dividend,,2011,9.325633075
Late-demographic dividend,,2012,8.836330299
Late-demographic dividend,,2013,8.348712589
Late-demographic dividend,,2014,7.935591903
Late-demographic dividend,,2015,7.706835236
Late-demographic dividend,,2016,7.618079829
Latin America & Caribbean,,2000,11.90708706
Latin America & Caribbean,,2001,11.30544321
Latin America & Caribbean,,2002,10.76743872
Latin America & Caribbean,,2003,10.26610677
Latin America & Caribbean,,2004,9.707249789
Latin America & Caribbean,,2005,8.996924335
Latin America & Caribbean,,2006,8.309534851
Latin America & Caribbean,,2007,7.681754483
Latin America & Caribbean,,2008,7.282448322
Latin America & Caribbean,,2009,7.061459319
Latin America & Caribbean,,2010,6.878631719
Latin America & Caribbean,,2011,6.708670291
Latin America & Caribbean,,2012,6.576927613
Latin America & Caribbean,,2013,6.44978507
Latin America & Caribbean,,2014,6.347933726
Latin America & Caribbean,,2015,6.262035167
Latin America & Caribbean,,2016,6.209944839
Latin America & Caribbean (IDA & IBRD),,2000,12.09053276
Latin America & Caribbean (IDA & IBRD),,2001,11.49282221
Latin America & Caribbean (IDA & IBRD),,2002,10.94713128
Latin America & Caribbean (IDA & IBRD),,2003,10.43293655
Latin America & Caribbean (IDA & IBRD),,2004,9.860206548
Latin America & Caribbean (IDA & IBRD),,2005,9.133236816
Latin America & Caribbean (IDA & IBRD),,2006,8.429949601
Latin America & Caribbean (IDA & IBRD),,2007,7.787834924
Latin America & Caribbean (IDA & IBRD),,2008,7.379158585
Latin America & Caribbean (IDA & IBRD),,2009,7.152611575
Latin America & Caribbean (IDA & IBRD),,2010,6.965120917
Latin America & Caribbean (IDA & IBRD),,2011,6.790961046
Latin America & Caribbean (IDA & IBRD),,2012,6.655952056
Latin America & Caribbean (IDA & IBRD),,2013,6.525769254
Latin America & Caribbean (IDA & IBRD),,2014,6.421464723
Latin America & Caribbean (IDA & IBRD),,2015,6.333347392
Latin America & Caribbean (IDA & IBRD),,2016,6.279645397
Latin America & Caribbean (excluding high income),,2000,12.78042443
Latin America & Caribbean (excluding high income),,2001,12.06938059
Latin America & Caribbean (excluding high income),,2002,11.41584955
Latin America & Caribbean (excluding high income),,2003,10.81931562
Latin America & Caribbean (excluding high income),,2004,10.19235651
Latin America & Caribbean (excluding high income),,2005,9.437968537
Latin America & Caribbean (excluding high income),,2006,8.70347487
Latin America & Caribbean (excluding high income),,2007,8.02927858
Latin America & Caribbean (excluding high income),,2008,7.596520716
Latin America & Caribbean (excluding high income),,2009,7.356492644
Latin America & Caribbean (excluding high income),,2010,7.169987713
Latin America & Caribbean (excluding high income),,2011,7.003992812
Latin America & Caribbean (excluding high income),,2012,6.888660029
Latin America & Caribbean (excluding high income),,2013,6.771429039
Latin America & Caribbean (excluding high income),,2014,6.672846809
Latin America & Caribbean (excluding high income),,2015,6.569923042
Latin America & Caribbean (excluding high income),,2016,6.496445196
Latvia,LVA,2000,5.3
Latvia,LVA,2001,4.5
Latvia,LVA,2002,3.6
Latvia,LVA,2003,2.9
Latvia,LVA,2004,2.5
Latvia,LVA,2005,2.5
Latvia,LVA,2006,2.5
Latvia,LVA,2007,2.5
Latvia,LVA,2008,2.5
Latvia,LVA,2009,2.5
Latvia,LVA,2010,2.5
Latvia,LVA,2011,2.5
Latvia,LVA,2012,2.5
Latvia,LVA,2013,2.5
Latvia,LVA,2014,2.5
Latvia,LVA,2015,2.5
Latvia,LVA,2016,2.5
Least developed countries: UN classification,,2000,34.65936084
Least developed countries: UN classification,,2001,33.26787306
Least developed countries: UN classification,,2002,32.16257866
Least developed countries: UN classification,,2003,30.91465825
Least developed countries: UN classification,,2004,29.72343792
Least developed countries: UN classification,,2005,28.50416052
Least developed countries: UN classification,,2006,27.47854596
Least developed countries: UN classification,,2007,26.56328804
Least developed countries: UN classification,,2008,25.7210157
Least developed countries: UN classification,,2009,24.9320729
Least developed countries: UN classification,,2010,24.31724907
Least developed countries: UN classification,,2011,23.79026027
Least developed countries: UN classification,,2012,23.51766858
Least developed countries: UN classification,,2013,23.26033118
Least developed countries: UN classification,,2014,23.14075097
Least developed countries: UN classification,,2015,23.24786726
Least developed countries: UN classification,,2016,23.41625484
Lebanon,LBN,2000,2.5
Lebanon,LBN,2001,2.5
Lebanon,LBN,2002,2.5
Lebanon,LBN,2003,2.9
Lebanon,LBN,2004,3.3
Lebanon,LBN,2005,3.4
Lebanon,LBN,2006,3.4
Lebanon,LBN,2007,3.4
Lebanon,LBN,2008,3.5
Lebanon,LBN,2009,3.8
Lebanon,LBN,2010,4.5
Lebanon,LBN,2011,5.9
Lebanon,LBN,2012,7.6
Lebanon,LBN,2013,9.3
Lebanon,LBN,2014,10.5
Lebanon,LBN,2015,10.9
Lebanon,LBN,2016,10.9
Lesotho,LSO,2000,13.6
Lesotho,LSO,2001,13
Lesotho,LSO,2002,12.6
Lesotho,LSO,2003,12.3
Lesotho,LSO,2004,11.9
Lesotho,LSO,2005,11.7
Lesotho,LSO,2006,11.7
Lesotho,LSO,2007,12
Lesotho,LSO,2008,12.3
Lesotho,LSO,2009,12.5
Lesotho,LSO,2010,12.7
Lesotho,LSO,2011,13.1
Lesotho,LSO,2012,13.3
Lesotho,LSO,2013,13.3
Lesotho,LSO,2014,13.1
Lesotho,LSO,2015,12.9
Lesotho,LSO,2016,12.8
Liberia,LBR,2000,38.4
Liberia,LBR,2001,39.8
Liberia,LBR,2002,40.6
Liberia,LBR,2003,40.7
Liberia,LBR,2004,40
Liberia,LBR,2005,39.4
Liberia,LBR,2006,39
Liberia,LBR,2007,38.2
Liberia,LBR,2008,37.3
Liberia,LBR,2009,36.5
Liberia,LBR,2010,36.5
Liberia,LBR,2011,36.7
Liberia,LBR,2012,37.2
Liberia,LBR,2013,37.6
Liberia,LBR,2014,38
Liberia,LBR,2015,38.4
Liberia,LBR,2016,38.8
Lithuania,LTU,2000,2.5
Lithuania,LTU,2001,2.5
Lithuania,LTU,2002,2.5
Lithuania,LTU,2003,2.5
Lithuania,LTU,2004,2.5
Lithuania,LTU,2005,2.5
Lithuania,LTU,2006,2.5
Lithuania,LTU,2007,2.5
Lithuania,LTU,2008,2.5
Lithuania,LTU,2009,2.5
Lithuania,LTU,2010,2.5
Lithuania,LTU,2011,2.5
Lithuania,LTU,2012,2.5
Lithuania,LTU,2013,2.5
Lithuania,LTU,2014,2.5
Lithuania,LTU,2015,2.5
Lithuania,LTU,2016,2.5
Low & middle income,,2000,17.66264043
Low & middle income,,2001,17.6610866
Low & middle income,,2002,17.76780056
Low & middle income,,2003,17.73047911
Low & middle income,,2004,17.47970313
Low & middle income,,2005,16.94080039
Low & middle income,,2006,16.2052461
Low & middle income,,2007,15.44547226
Low & middle income,,2008,14.8030512
Low & middle income,,2009,14.26621148
Low & middle income,,2010,13.79693776
Low & middle income,,2011,13.40967678
Low & middle income,,2012,13.14918165
Low & middle income,,2013,12.81628542
Low & middle income,,2014,12.51783319
Low & middle income,,2015,12.38731983
Low & middle income,,2016,12.39600519
Low income,,2000,36.66500888
Low income,,2001,35.88331234
Low income,,2002,34.95669907
Low income,,2003,33.86684486
Low income,,2004,32.6937982
Low income,,2005,31.59765751
Low income,,2006,30.73010788
Low income,,2007,29.96878912
Low income,,2008,29.23393755
Low income,,2009,28.42447308
Low income,,2010,27.71024051
Low income,,2011,27.13189183
Low income,,2012,26.87354936
Low income,,2013,26.95770328
Low income,,2014,27.23818632
Low income,,2015,27.7737623
Low income,,2016,28.16203961
Lower middle income,,2000,19.1459207
Lower middle income,,2001,19.47053757
Lower middle income,,2002,20.05837945
Lower middle income,,2003,20.29977925
Lower middle income,,2004,20.21619351
Lower middle income,,2005,19.54413359
Lower middle income,,2006,18.47763924
Lower middle income,,2007,17.44327563
Lower middle income,,2008,16.61565937
Lower middle income,,2009,16.06276528
Lower middle income,,2010,15.63241382
Lower middle income,,2011,15.27671188
Lower middle income,,2012,15.0671171
Lower middle income,,2013,14.64595703
Lower middle income,,2014,14.19644406
Lower middle income,,2015,13.90434226
Lower middle income,,2016,13.83552556
Luxembourg,LUX,2000,2.5
Luxembourg,LUX,2001,2.5
Luxembourg,LUX,2002,2.5
Luxembourg,LUX,2003,2.5
Luxembourg,LUX,2004,2.5
Luxembourg,LUX,2005,2.5
Luxembourg,LUX,2006,2.5
Luxembourg,LUX,2007,2.5
Luxembourg,LUX,2008,2.5
Luxembourg,LUX,2009,2.5
Luxembourg,LUX,2010,2.5
Luxembourg,LUX,2011,2.5
Luxembourg,LUX,2012,2.5
Luxembourg,LUX,2013,2.5
Luxembourg,LUX,2014,2.5
Luxembourg,LUX,2015,2.5
Luxembourg,LUX,2016,2.5
Macao,MAC,2000,22.6
Macao,MAC,2001,21.9
Macao,MAC,2002,20.2
Macao,MAC,2003,18.1
Macao,MAC,2004,16
Macao,MAC,2005,14.6
Macao,MAC,2006,14
Macao,MAC,2007,13.8
Macao,MAC,2008,14
Macao,MAC,2009,14
Macao,MAC,2010,13.7
Macao,MAC,2011,13.2
Macao,MAC,2012,12.6
Macao,MAC,2013,12.2
Macao,MAC,2014,11.9
Macao,MAC,2015,11.6
Macao,MAC,2016,11.4
Macedonia,MKD,2000,7.9
Macedonia,MKD,2001,8.8
Macedonia,MKD,2002,8.4
Macedonia,MKD,2003,7.7
Macedonia,MKD,2004,6.7
Macedonia,MKD,2005,6.1
Macedonia,MKD,2006,5.3
Macedonia,MKD,2007,4.5
Macedonia,MKD,2008,4.1
Macedonia,MKD,2009,4.1
Macedonia,MKD,2010,4.4
Macedonia,MKD,2011,4.6
Macedonia,MKD,2012,4.6
Macedonia,MKD,2013,4.5
Macedonia,MKD,2014,4.4
Macedonia,MKD,2015,4.2
Macedonia,MKD,2016,4.1
Madagascar,MDG,2000,34.4
Madagascar,MDG,2001,35.5
Madagascar,MDG,2002,37
Madagascar,MDG,2003,37.5
Madagascar,MDG,2004,36.9
Madagascar,MDG,2005,35
Madagascar,MDG,2006,33.5
Madagascar,MDG,2007,32.4
Madagascar,MDG,2008,32.2
Madagascar,MDG,2009,31.9
Madagascar,MDG,2010,31.8
Madagascar,MDG,2011,32
Madagascar,MDG,2012,33.3
Madagascar,MDG,2013,35.5
Madagascar,MDG,2014,38.4
Madagascar,MDG,2015,41.1
Madagascar,MDG,2016,43.1
Malawi,MWI,2000,27.1
Malawi,MWI,2001,26.4
Malawi,MWI,2002,27
Malawi,MWI,2003,27.4
Malawi,MWI,2004,27.3
Malawi,MWI,2005,26.1
Malawi,MWI,2006,24.5
Malawi,MWI,2007,23.2
Malawi,MWI,2008,22.3
Malawi,MWI,2009,22
Malawi,MWI,2010,21.8
Malawi,MWI,2011,21.7
Malawi,MWI,2012,21.7
Malawi,MWI,2013,22.1
Malawi,MWI,2014,23.2
Malawi,MWI,2015,24.5
Malawi,MWI,2016,26.3
Malaysia,MYS,2000,2.8
Malaysia,MYS,2001,3.2
Malaysia,MYS,2002,3.5
Malaysia,MYS,2003,3.7
Malaysia,MYS,2004,3.8
Malaysia,MYS,2005,3.9
Malaysia,MYS,2006,4.1
Malaysia,MYS,2007,4.2
Malaysia,MYS,2008,4.2
Malaysia,MYS,2009,4
Malaysia,MYS,2010,3.7
Malaysia,MYS,2011,3.5
Malaysia,MYS,2012,3.4
Malaysia,MYS,2013,3.2
Malaysia,MYS,2014,3
Malaysia,MYS,2015,2.9
Malaysia,MYS,2016,2.9
Maldives,MDV,2000,14
Maldives,MDV,2001,14.6
Maldives,MDV,2002,15.5
Maldives,MDV,2003,16.6
Maldives,MDV,2004,17.6
Maldives,MDV,2005,18.2
Maldives,MDV,2006,18.1
Maldives,MDV,2007,17
Maldives,MDV,2008,15.2
Maldives,MDV,2009,13.2
Maldives,MDV,2010,11.7
Maldives,MDV,2011,11
Maldives,MDV,2012,11
Maldives,MDV,2013,11.1
Maldives,MDV,2014,11.2
Maldives,MDV,2015,11
Maldives,MDV,2016,11
Mali,MLI,2000,14.6
Mali,MLI,2001,14
Mali,MLI,2002,13.5
Mali,MLI,2003,12.9
Mali,MLI,2004,12.2
Mali,MLI,2005,11.1
Mali,MLI,2006,9.8
Mali,MLI,2007,8.6
Mali,MLI,2008,7.7
Mali,MLI,2009,7.2
Mali,MLI,2010,6.9
Mali,MLI,2011,6.7
Mali,MLI,2012,6.4
Mali,MLI,2013,6.1
Mali,MLI,2014,5.9
Mali,MLI,2015,5.9
Mali,MLI,2016,6
Malta,MLT,2000,2.5
Malta,MLT,2001,2.5
Malta,MLT,2002,2.5
Malta,MLT,2003,2.5
Malta,MLT,2004,2.5
Malta,MLT,2005,2.5
Malta,MLT,2006,2.5
Malta,MLT,2007,2.5
Malta,MLT,2008,2.5
Malta,MLT,2009,2.5
Malta,MLT,2010,2.5
Malta,MLT,2011,2.5
Malta,MLT,2012,2.5
Malta,MLT,2013,2.5
Malta,MLT,2014,2.5
Malta,MLT,2015,2.5
Malta,MLT,2016,2.5
Mauritania,MRT,2000,11.6
Mauritania,MRT,2001,11.4
Mauritania,MRT,2002,11.4
Mauritania,MRT,2003,11.5
Mauritania,MRT,2004,12.1
Mauritania,MRT,2005,12.1
Mauritania,MRT,2006,11.5
Mauritania,MRT,2007,10.2
Mauritania,MRT,2008,9.3
Mauritania,MRT,2009,8.7
Mauritania,MRT,2010,8.2
Mauritania,MRT,2011,7.8
Mauritania,MRT,2012,7.2
Mauritania,MRT,2013,7.1
Mauritania,MRT,2014,7.2
Mauritania,MRT,2015,9.4
Mauritania,MRT,2016,11.3
Mauritius,MUS,2000,6.6
Mauritius,MUS,2001,6.3
Mauritius,MUS,2002,6
Mauritius,MUS,2003,5.7
Mauritius,MUS,2004,5.5
Mauritius,MUS,2005,5.2
Mauritius,MUS,2006,5.2
Mauritius,MUS,2007,5
Mauritius,MUS,2008,4.9
Mauritius,MUS,2009,4.7
Mauritius,MUS,2010,4.8
Mauritius,MUS,2011,5.1
Mauritius,MUS,2012,5.4
Mauritius,MUS,2013,5.5
Mauritius,MUS,2014,5.5
Mauritius,MUS,2015,5.6
Mauritius,MUS,2016,5.8
Mexico,MEX,2000,4.4
Mexico,MEX,2001,4.4
Mexico,MEX,2002,4.8
Mexico,MEX,2003,5.5
Mexico,MEX,2004,5.8
Mexico,MEX,2005,5.5
Mexico,MEX,2006,5
Mexico,MEX,2007,4.7
Mexico,MEX,2008,4.7
Mexico,MEX,2009,4.7
Mexico,MEX,2010,4.6
Mexico,MEX,2011,4.6
Mexico,MEX,2012,4.6
Mexico,MEX,2013,4.4
Mexico,MEX,2014,4.2
Mexico,MEX,2015,4
Mexico,MEX,2016,3.8
Middle East & North Africa,,2000,9.466701821
Middle East & North Africa,,2001,9.410276814
Middle East & North Africa,,2002,9.47069557
Middle East & North Africa,,2003,9.547170559
Middle East & North Africa,,2004,9.609500972
Middle East & North Africa,,2005,9.641676825
Middle East & North Africa,,2006,9.601568838
Middle East & North Africa,,2007,9.492787417
Middle East & North Africa,,2008,9.335746676
Middle East & North Africa,,2009,9.026460018
Middle East & North Africa,,2010,8.712772116
Middle East & North Africa,,2011,8.492557282
Middle East & North Africa,,2012,8.409643337
Middle East & North Africa,,2013,8.524892345
Middle East & North Africa,,2014,8.710093373
Middle East & North Africa,,2015,8.960065587
Middle East & North Africa,,2016,9.134027673
Middle East & North Africa (IDA & IBRD),,2000,10.04104945
Middle East & North Africa (IDA & IBRD),,2001,9.962805432
Middle East & North Africa (IDA & IBRD),,2002,9.986483104
Middle East & North Africa (IDA & IBRD),,2003,10.0288557
Middle East & North Africa (IDA & IBRD),,2004,10.07843764
Middle East & North Africa (IDA & IBRD),,2005,10.11982996
Middle East & North Africa (IDA & IBRD),,2006,10.10001921
Middle East & North Africa (IDA & IBRD),,2007,9.986633995
Middle East & North Africa (IDA & IBRD),,2008,9.82113556
Middle East & North Africa (IDA & IBRD),,2009,9.493647191
Middle East & North Africa (IDA & IBRD),,2010,9.199570285
Middle East & North Africa (IDA & IBRD),,2011,9.015867812
Middle East & North Africa (IDA & IBRD),,2012,9.004972236
Middle East & North Africa (IDA & IBRD),,2013,9.179331041
Middle East & North Africa (IDA & IBRD),,2014,9.425332387
Middle East & North Africa (IDA & IBRD),,2015,9.731067407
Middle East & North Africa (IDA & IBRD),,2016,9.952471782
Middle East & North Africa (excluding high income),,2000,10.04104945
Middle East & North Africa (excluding high income),,2001,9.962805432
Middle East & North Africa (excluding high income),,2002,9.986483104
Middle East & North Africa (excluding high income),,2003,10.0288557
Middle East & North Africa (excluding high income),,2004,10.07843764
Middle East & North Africa (excluding high income),,2005,10.11982996
Middle East & North Africa (excluding high income),,2006,10.10001921
Middle East & North Africa (excluding high income),,2007,9.986633995
Middle East & North Africa (excluding high income),,2008,9.82113556
Middle East & North Africa (excluding high income),,2009,9.493647191
Middle East & North Africa (excluding high income),,2010,9.199570285
Middle East & North Africa (excluding high income),,2011,9.015867812
Middle East & North Africa (excluding high income),,2012,9.004972236
Middle East & North Africa (excluding high income),,2013,9.179331041
Middle East & North Africa (excluding high income),,2014,9.425332387
Middle East & North Africa (excluding high income),,2015,9.731067407
Middle East & North Africa (excluding high income),,2016,9.952471782
Middle income,,2000,16.09540159
Middle income,,2001,16.1363748
Middle income,,2002,16.30799607
Middle income,,2003,16.33928865
Middle income,,2004,16.14815733
Middle income,,2005,15.63880759
Middle income,,2006,14.89800908
Middle income,,2007,14.11902786
Middle income,,2008,13.46566114
Middle income,,2009,12.93482549
Middle income,,2010,12.46922066
Middle income,,2011,12.08066193
Middle income,,2012,11.80934863
Middle income,,2013,11.41520978
Middle income,,2014,11.03779058
Middle income,,2015,10.81751156
Middle income,,2016,10.76399265
Mongolia,MNG,2000,35.1
Mongolia,MNG,2001,33.4
Mongolia,MNG,2002,32.7
Mongolia,MNG,2003,32.5
Mongolia,MNG,2004,32.2
Mongolia,MNG,2005,31
Mongolia,MNG,2006,29.1
Mongolia,MNG,2007,26.6
Mongolia,MNG,2008,24.2
Mongolia,MNG,2009,22.2
Mongolia,MNG,2010,20.8
Mongolia,MNG,2011,19.5
Mongolia,MNG,2012,18.6
Mongolia,MNG,2013,18.1
Mongolia,MNG,2014,18.2
Mongolia,MNG,2015,18.5
Mongolia,MNG,2016,18.7
Montenegro,MNE,2006,2.5
Montenegro,MNE,2007,2.5
Montenegro,MNE,2008,2.5
Montenegro,MNE,2009,2.5
Montenegro,MNE,2010,2.5
Montenegro,MNE,2011,2.5
Montenegro,MNE,2012,2.5
Montenegro,MNE,2013,2.5
Montenegro,MNE,2014,2.5
Montenegro,MNE,2015,2.5
Montenegro,MNE,2016,2.5
Morocco,MAR,2000,6.8
Morocco,MAR,2001,6.7
Morocco,MAR,2002,6.4
Morocco,MAR,2003,6
Morocco,MAR,2004,5.7
Morocco,MAR,2005,5.7
Morocco,MAR,2006,5.6
Morocco,MAR,2007,5.5
Morocco,MAR,2008,5.5
Morocco,MAR,2009,5.4
Morocco,MAR,2010,5.2
Morocco,MAR,2011,4.9
Morocco,MAR,2012,4.6
Morocco,MAR,2013,4.2
Morocco,MAR,2014,4
Morocco,MAR,2015,3.9
Morocco,MAR,2016,3.9
Mozambique,MOZ,2000,40.3
Mozambique,MOZ,2001,40.2
Mozambique,MOZ,2002,39.2
Mozambique,MOZ,2003,38.2
Mozambique,MOZ,2004,37.5
Mozambique,MOZ,2005,37
Mozambique,MOZ,2006,35.9
Mozambique,MOZ,2007,35
Mozambique,MOZ,2008,33.4
Mozambique,MOZ,2009,31.9
Mozambique,MOZ,2010,30
Mozambique,MOZ,2011,28.9
Mozambique,MOZ,2012,28.6
Mozambique,MOZ,2013,29.1
Mozambique,MOZ,2014,29.8
Mozambique,MOZ,2015,30.4
Mozambique,MOZ,2016,30.5
Myanmar,MMR,2000,48.3
Myanmar,MMR,2001,44.9
Myanmar,MMR,2002,41.3
Myanmar,MMR,2003,38.2
Myanmar,MMR,2004,35.3
Myanmar,MMR,2005,32
Myanmar,MMR,2006,28.5
Myanmar,MMR,2007,24.9
Myanmar,MMR,2008,21.6
Myanmar,MMR,2009,19
Myanmar,MMR,2010,16.9
Myanmar,MMR,2011,15.3
Myanmar,MMR,2012,13.9
Myanmar,MMR,2013,12.6
Myanmar,MMR,2014,11.5
Myanmar,MMR,2015,10.8
Myanmar,MMR,2016,10.5
Namibia,NAM,2000,26.2
Namibia,NAM,2001,24.4
Namibia,NAM,2002,24.3
Namibia,NAM,2003,24.3
Namibia,NAM,2004,24.5
Namibia,NAM,2005,25.1
Namibia,NAM,2006,26.7
Namibia,NAM,2007,29.5
Namibia,NAM,2008,33.3
Namibia,NAM,2009,36.4
Namibia,NAM,2010,37.4
Namibia,NAM,2011,36.1
Namibia,NAM,2012,33.5
Namibia,NAM,2013,30.5
Namibia,NAM,2014,28
Namibia,NAM,2015,26.1
Namibia,NAM,2016,25.4
Nepal,NPL,2000,22
Nepal,NPL,2001,21.4
Nepal,NPL,2002,20.4
Nepal,NPL,2003,18.7
Nepal,NPL,2004,17.2
Nepal,NPL,2005,16
Nepal,NPL,2006,15.2
Nepal,NPL,2007,14
Nepal,NPL,2008,12.6
Nepal,NPL,2009,11.2
Nepal,NPL,2010,10.1
Nepal,NPL,2011,9.4
Nepal,NPL,2012,9.2
Nepal,NPL,2013,9.3
Nepal,NPL,2014,9.4
Nepal,NPL,2015,9.5
Nepal,NPL,2016,9.5
Netherlands,NLD,2000,2.5
Netherlands,NLD,2001,2.5
Netherlands,NLD,2002,2.5
Netherlands,NLD,2003,2.5
Netherlands,NLD,2004,2.5
Netherlands,NLD,2005,2.5
Netherlands,NLD,2006,2.5
Netherlands,NLD,2007,2.5
Netherlands,NLD,2008,2.5
Netherlands,NLD,2009,2.5
Netherlands,NLD,2010,2.5
Netherlands,NLD,2011,2.5
Netherlands,NLD,2012,2.5
Netherlands,NLD,2013,2.5
Netherlands,NLD,2014,2.5
Netherlands,NLD,2015,2.5
Netherlands,NLD,2016,2.5
New Caledonia,NCL,2000,7.6
New Caledonia,NCL,2001,7.5
New Caledonia,NCL,2002,7.6
New Caledonia,NCL,2003,7.8
New Caledonia,NCL,2004,8
New Caledonia,NCL,2005,8.2
New Caledonia,NCL,2006,8.2
New Caledonia,NCL,2007,8.2
New Caledonia,NCL,2008,8.1
New Caledonia,NCL,2009,8
New Caledonia,NCL,2010,7.7
New Caledonia,NCL,2011,7.5
New Caledonia,NCL,2012,7.3
New Caledonia,NCL,2013,7.6
New Caledonia,NCL,2014,8.3
New Caledonia,NCL,2015,9.8
New Caledonia,NCL,2016,11.6
New Zealand,NZL,2000,2.5
New Zealand,NZL,2001,2.5
New Zealand,NZL,2002,2.5
New Zealand,NZL,2003,2.5
New Zealand,NZL,2004,2.5
New Zealand,NZL,2005,2.5
New Zealand,NZL,2006,2.5
New Zealand,NZL,2007,2.5
New Zealand,NZL,2008,2.5
New Zealand,NZL,2009,2.5
New Zealand,NZL,2010,2.5
New Zealand,NZL,2011,2.5
New Zealand,NZL,2012,2.5
New Zealand,NZL,2013,2.5
New Zealand,NZL,2014,2.5
New Zealand,NZL,2015,2.5
New Zealand,NZL,2016,2.5
Nicaragua,NIC,2000,32.6
Nicaragua,NIC,2001,29.3
Nicaragua,NIC,2002,27.4
Nicaragua,NIC,2003,26.2
Nicaragua,NIC,2004,25.4
Nicaragua,NIC,2005,24.4
Nicaragua,NIC,2006,23.4
Nicaragua,NIC,2007,22.6
Nicaragua,NIC,2008,22.1
Nicaragua,NIC,2009,21.6
Nicaragua,NIC,2010,20.9
Nicaragua,NIC,2011,20
Nicaragua,NIC,2012,19
Nicaragua,NIC,2013,17.8
Nicaragua,NIC,2014,17
Nicaragua,NIC,2015,16.4
Nicaragua,NIC,2016,16.2
Niger,NER,2000,21.6
Niger,NER,2001,19.7
Niger,NER,2002,18.5
Niger,NER,2003,17.1
Niger,NER,2004,15.9
Niger,NER,2005,15.1
Niger,NER,2006,14.4
Niger,NER,2007,13.5
Niger,NER,2008,12.4
Niger,NER,2009,11.7
Niger,NER,2010,11.3
Niger,NER,2011,10.9
Niger,NER,2012,10.6
Niger,NER,2013,10.3
Niger,NER,2014,10.2
Niger,NER,2015,12.3
Niger,NER,2016,14.4
Nigeria,NGA,2000,9.3
Nigeria,NGA,2001,9
Nigeria,NGA,2002,9
Nigeria,NGA,2003,8.3
Nigeria,NGA,2004,7.4
Nigeria,NGA,2005,6.5
Nigeria,NGA,2006,6.1
Nigeria,NGA,2007,6
Nigeria,NGA,2008,6
Nigeria,NGA,2009,6.1
Nigeria,NGA,2010,6.2
Nigeria,NGA,2011,6.5
Nigeria,NGA,2012,6.7
Nigeria,NGA,2013,7.1
Nigeria,NGA,2014,7.8
Nigeria,NGA,2015,9
Nigeria,NGA,2016,11.5
North America,,2000,2.5
North America,,2001,2.5
North America,,2002,2.5
North America,,2003,2.5
North America,,2004,2.5
North America,,2005,2.5
North America,,2006,2.5
North America,,2007,2.5
North America,,2008,2.5
North America,,2009,2.5
North America,,2010,2.5
North America,,2011,2.5
North America,,2012,2.5
North America,,2013,2.5
North America,,2014,2.5
North America,,2015,2.5
North America,,2016,2.5
North Korea,PRK,2000,37.5
North Korea,PRK,2001,37.1
North Korea,PRK,2002,35.5
North Korea,PRK,2003,34.5
North Korea,PRK,2004,34.1
North Korea,PRK,2005,35.4
North Korea,PRK,2006,37.3
North Korea,PRK,2007,39.3
North Korea,PRK,2008,40.8
North Korea,PRK,2009,41.5
North Korea,PRK,2010,41.8
North Korea,PRK,2011,41.7
North Korea,PRK,2012,41.6
North Korea,PRK,2013,41.7
North Korea,PRK,2014,42.3
North Korea,PRK,2015,42.8
North Korea,PRK,2016,43.4
Norway,NOR,2000,2.5
Norway,NOR,2001,2.5
Norway,NOR,2002,2.5
Norway,NOR,2003,2.5
Norway,NOR,2004,2.5
Norway,NOR,2005,2.5
Norway,NOR,2006,2.5
Norway,NOR,2007,2.5
Norway,NOR,2008,2.5
Norway,NOR,2009,2.5
Norway,NOR,2010,2.5
Norway,NOR,2011,2.5
Norway,NOR,2012,2.5
Norway,NOR,2013,2.5
Norway,NOR,2014,2.5
Norway,NOR,2015,2.5
Norway,NOR,2016,2.5
OECD members,,2000,2.720786051
OECD members,,2001,2.718725225
OECD members,,2002,2.750132326
OECD members,,2003,2.810877481
OECD members,,2004,2.835770218
OECD members,,2005,2.808147895
OECD members,,2006,2.762299152
OECD members,,2007,2.736516388
OECD members,,2008,2.738246827
OECD members,,2009,2.738606607
OECD members,,2010,2.728904855
OECD members,,2011,2.727453386
OECD members,,2012,2.725738187
OECD members,,2013,2.705719167
OECD members,,2014,2.684468798
OECD members,,2015,2.660173288
OECD members,,2016,2.640472953
Oman,OMN,2000,11.9
Oman,OMN,2001,11.5
Oman,OMN,2002,11.7
Oman,OMN,2003,11.7
Oman,OMN,2004,11.3
Oman,OMN,2005,10.5
Oman,OMN,2006,9.5
Oman,OMN,2007,8.3
Oman,OMN,2008,7.1
Oman,OMN,2009,6.1
Oman,OMN,2010,5.6
Oman,OMN,2011,5.3
Oman,OMN,2012,5.1
Oman,OMN,2013,5.1
Oman,OMN,2014,5.1
Oman,OMN,2015,5.3
Oman,OMN,2016,5.4
Other small states,,2000,18.78601345
Other small states,,2001,17.90757779
Other small states,,2002,17.54605453
Other small states,,2003,17.25162014
Other small states,,2004,17.01397078
Other small states,,2005,16.90088396
Other small states,,2006,16.5534267
Other small states,,2007,16.70550543
Other small states,,2008,16.89488552
Other small states,,2009,16.90757102
Other small states,,2010,16.63178914
Other small states,,2011,16.16835862
Other small states,,2012,15.73293988
Other small states,,2013,15.41880046
Other small states,,2014,15.29854004
Other small states,,2015,15.30309065
Other small states,,2016,15.42794978
Pacific island small states,,2000,7.732631657
Pacific island small states,,2001,7.489184177
Pacific island small states,,2002,7.221543754
Pacific island small states,,2003,6.972107121
Pacific island small states,,2004,6.75256436
Pacific island small states,,2005,6.567027777
Pacific island small states,,2006,6.363805181
Pacific island small states,,2007,6.325127553
Pacific island small states,,2008,6.20315219
Pacific island small states,,2009,6.237933156
Pacific island small states,,2010,6.205995372
Pacific island small states,,2011,6.353612051
Pacific island small states,,2012,6.600985207
Pacific island small states,,2013,6.905225785
Pacific island small states,,2014,7.014211521
Pacific island small states,,2015,6.912111295
Pacific island small states,,2016,6.836416469
Pakistan,PAK,2000,23.4
Pakistan,PAK,2001,24.8
Pakistan,PAK,2002,25.8
Pakistan,PAK,2003,25.5
Pakistan,PAK,2004,24.5
Pakistan,PAK,2005,23.3
Pakistan,PAK,2006,22.4
Pakistan,PAK,2007,21.7
Pakistan,PAK,2008,21.3
Pakistan,PAK,2009,21.1
Pakistan,PAK,2010,21.1
Pakistan,PAK,2011,21.1
Pakistan,PAK,2012,21
Pakistan,PAK,2013,21.1
Pakistan,PAK,2014,21.2
Pakistan,PAK,2015,20.9
Pakistan,PAK,2016,20.5
Panama,PAN,2000,27.7
Panama,PAN,2001,26.2
Panama,PAN,2002,24.3
Panama,PAN,2003,23.3
Panama,PAN,2004,23.8
Panama,PAN,2005,22.9
Panama,PAN,2006,21
Panama,PAN,2007,18.3
Panama,PAN,2008,16.3
Panama,PAN,2009,14.7
Panama,PAN,2010,13.2
Panama,PAN,2011,11.8
Panama,PAN,2012,10.5
Panama,PAN,2013,9.7
Panama,PAN,2014,9.1
Panama,PAN,2015,9.2
Panama,PAN,2016,9.2
Paraguay,PRY,2000,12.9
Paraguay,PRY,2001,12.2
Paraguay,PRY,2002,11.5
Paraguay,PRY,2003,11
Paraguay,PRY,2004,11.2
Paraguay,PRY,2005,11.9
Paraguay,PRY,2006,12.4
Paraguay,PRY,2007,12.6
Paraguay,PRY,2008,12.8
Paraguay,PRY,2009,12.7
Paraguay,PRY,2010,12.2
Paraguay,PRY,2011,11.9
Paraguay,PRY,2012,12
Paraguay,PRY,2013,12.3
Paraguay,PRY,2014,12.2
Paraguay,PRY,2015,11.7
Paraguay,PRY,2016,11.2
Peru,PER,2000,21.8
Peru,PER,2001,21.7
Peru,PER,2002,22.3
Peru,PER,2003,22.6
Peru,PER,2004,21.6
Peru,PER,2005,19.6
Peru,PER,2006,17.6
Peru,PER,2007,15.7
Peru,PER,2008,14.2
Peru,PER,2009,12.6
Peru,PER,2010,11.2
Peru,PER,2011,10.2
Peru,PER,2012,9.5
Peru,PER,2013,9.3
Peru,PER,2014,9.3
Peru,PER,2015,9
Peru,PER,2016,8.8
Philippines,PHL,2000,20.4
Philippines,PHL,2001,19.7
Philippines,PHL,2002,19.1
Philippines,PHL,2003,18.5
Philippines,PHL,2004,17.4
Philippines,PHL,2005,16.3
Philippines,PHL,2006,15.2
Philippines,PHL,2007,14.1
Philippines,PHL,2008,13.3
Philippines,PHL,2009,13
Philippines,PHL,2010,13.3
Philippines,PHL,2011,13.7
Philippines,PHL,2012,14.1
Philippines,PHL,2013,14.2
Philippines,PHL,2014,14.2
Philippines,PHL,2015,13.9
Philippines,PHL,2016,13.7
Poland,POL,2000,2.5
Poland,POL,2001,2.5
Poland,POL,2002,2.5
Poland,POL,2003,2.5
Poland,POL,2004,2.5
Poland,POL,2005,2.5
Poland,POL,2006,2.5
Poland,POL,2007,2.5
Poland,POL,2008,2.5
Poland,POL,2009,2.5
Poland,POL,2010,2.5
Poland,POL,2011,2.5
Poland,POL,2012,2.5
Poland,POL,2013,2.5
Poland,POL,2014,2.5
Poland,POL,2015,2.5
Poland,POL,2016,2.5
Portugal,PRT,2000,2.5
Portugal,PRT,2001,2.5
Portugal,PRT,2002,2.5
Portugal,PRT,2003,2.5
Portugal,PRT,2004,2.5
Portugal,PRT,2005,2.5
Portugal,PRT,2006,2.5
Portugal,PRT,2007,2.5
Portugal,PRT,2008,2.5
Portugal,PRT,2009,2.5
Portugal,PRT,2010,2.5
Portugal,PRT,2011,2.5
Portugal,PRT,2012,2.5
Portugal,PRT,2013,2.5
Portugal,PRT,2014,2.5
Portugal,PRT,2015,2.5
Portugal,PRT,2016,2.5
Post-demographic dividend,,2000,2.679079748
Post-demographic dividend,,2001,2.618211519
Post-demographic dividend,,2002,2.574860215
Post-demographic dividend,,2003,2.559769706
Post-demographic dividend,,2004,2.553661803
Post-demographic dividend,,2005,2.544770498
Post-demographic dividend,,2006,2.535238986
Post-demographic dividend,,2007,2.532996694
Post-demographic dividend,,2008,2.529950645
Post-demographic dividend,,2009,2.528693647
Post-demographic dividend,,2010,2.527701351
Post-demographic dividend,,2011,2.526371229
Post-demographic dividend,,2012,2.522802706
Post-demographic dividend,,2013,2.518414102
Post-demographic dividend,,2014,2.514120682
Post-demographic dividend,,2015,2.527142234
Post-demographic dividend,,2016,2.541344577
Pre-demographic dividend,,2000,27.00961828
Pre-demographic dividend,,2001,26.71336332
Pre-demographic dividend,,2002,26.38386672
Pre-demographic dividend,,2003,25.59982788
Pre-demographic dividend,,2004,24.55480758
Pre-demographic dividend,,2005,23.50891906
Pre-demographic dividend,,2006,22.74524339
Pre-demographic dividend,,2007,22.21737955
Pre-demographic dividend,,2008,21.77408147
Pre-demographic dividend,,2009,21.28811907
Pre-demographic dividend,,2010,20.83411858
Pre-demographic dividend,,2011,20.49431663
Pre-demographic dividend,,2012,20.61315102
Pre-demographic dividend,,2013,20.69232373
Pre-demographic dividend,,2014,21.03478965
Pre-demographic dividend,,2015,21.88653001
Pre-demographic dividend,,2016,23.03610644
Romania,ROU,2000,2.5
Romania,ROU,2001,2.5
Romania,ROU,2002,2.5
Romania,ROU,2003,2.5
Romania,ROU,2004,2.5
Romania,ROU,2005,2.5
Romania,ROU,2006,2.5
Romania,ROU,2007,2.5
Romania,ROU,2008,2.5
Romania,ROU,2009,2.5
Romania,ROU,2010,2.5
Romania,ROU,2011,2.5
Romania,ROU,2012,2.5
Romania,ROU,2013,2.5
Romania,ROU,2014,2.5
Romania,ROU,2015,2.5
Romania,ROU,2016,2.5
Russia,RUS,2000,5.1
Russia,RUS,2001,4.4
Russia,RUS,2002,3.7
Russia,RUS,2003,3.1
Russia,RUS,2004,2.6
Russia,RUS,2005,2.5
Russia,RUS,2006,2.5
Russia,RUS,2007,2.5
Russia,RUS,2008,2.5
Russia,RUS,2009,2.5
Russia,RUS,2010,2.5
Russia,RUS,2011,2.5
Russia,RUS,2012,2.5
Russia,RUS,2013,2.5
Russia,RUS,2014,2.5
Russia,RUS,2015,2.5
Russia,RUS,2016,2.5
Rwanda,RWA,2000,55.6
Rwanda,RWA,2001,50
Rwanda,RWA,2002,46
Rwanda,RWA,2003,45.4
Rwanda,RWA,2004,45.5
Rwanda,RWA,2005,45.3
Rwanda,RWA,2006,44
Rwanda,RWA,2007,42
Rwanda,RWA,2008,39.5
Rwanda,RWA,2009,36.9
Rwanda,RWA,2010,35
Rwanda,RWA,2011,33.5
Rwanda,RWA,2012,32.3
Rwanda,RWA,2013,31.6
Rwanda,RWA,2014,32.1
Rwanda,RWA,2015,34
Rwanda,RWA,2016,36.1
Saint Vincent and the Grenadines,VCT,2000,16.7
Saint Vincent and the Grenadines,VCT,2001,14.8
Saint Vincent and the Grenadines,VCT,2002,12.7
Saint Vincent and the Grenadines,VCT,2003,11.1
Saint Vincent and the Grenadines,VCT,2004,9.8
Saint Vincent and the Grenadines,VCT,2005,9.1
Saint Vincent and the Grenadines,VCT,2006,8.4
Saint Vincent and the Grenadines,VCT,2007,7.8
Saint Vincent and the Grenadines,VCT,2008,7.4
Saint Vincent and the Grenadines,VCT,2009,7
Saint Vincent and the Grenadines,VCT,2010,6.7
Saint Vincent and the Grenadines,VCT,2011,6.4
Saint Vincent and the Grenadines,VCT,2012,6.1
Saint Vincent and the Grenadines,VCT,2013,6
Saint Vincent and the Grenadines,VCT,2014,5.9
Saint Vincent and the Grenadines,VCT,2015,5.9
Saint Vincent and the Grenadines,VCT,2016,5.7
Samoa,WSM,2000,5.3
Samoa,WSM,2001,4.4
Samoa,WSM,2002,4.1
Samoa,WSM,2003,3.8
Samoa,WSM,2004,3.6
Samoa,WSM,2005,3.5
Samoa,WSM,2006,3.5
Samoa,WSM,2007,3.6
Samoa,WSM,2008,3.5
Samoa,WSM,2009,3.5
Samoa,WSM,2010,3.4
Samoa,WSM,2011,3.3
Samoa,WSM,2012,3.1
Samoa,WSM,2013,3.1
Samoa,WSM,2014,3.1
Samoa,WSM,2015,3.1
Samoa,WSM,2016,3.1
Sao Tome and Principe,STP,2000,17.8
Sao Tome and Principe,STP,2001,14.5
Sao Tome and Principe,STP,2002,12.3
Sao Tome and Principe,STP,2003,10.9
Sao Tome and Principe,STP,2004,9.9
Sao Tome and Principe,STP,2005,9.4
Sao Tome and Principe,STP,2006,9.4
Sao Tome and Principe,STP,2007,10.1
Sao Tome and Principe,STP,2008,11.3
Sao Tome and Principe,STP,2009,12.9
Sao Tome and Principe,STP,2010,14.6
Sao Tome and Principe,STP,2011,15.5
Sao Tome and Principe,STP,2012,14.8
Sao Tome and Principe,STP,2013,12.9
Sao Tome and Principe,STP,2014,10.7
Sao Tome and Principe,STP,2015,9.8
Sao Tome and Principe,STP,2016,10.2
Saudi Arabia,SAU,2000,6.1
Saudi Arabia,SAU,2001,6.4
Saudi Arabia,SAU,2002,7
Saudi Arabia,SAU,2003,7.6
Saudi Arabia,SAU,2004,7.9
Saudi Arabia,SAU,2005,7.9
Saudi Arabia,SAU,2006,7.7
Saudi Arabia,SAU,2007,7.7
Saudi Arabia,SAU,2008,7.7
Saudi Arabia,SAU,2009,7.6
Saudi Arabia,SAU,2010,7
Saudi Arabia,SAU,2011,6.4
Saudi Arabia,SAU,2012,5.7
Saudi Arabia,SAU,2013,5.5
Saudi Arabia,SAU,2014,5.4
Saudi Arabia,SAU,2015,5.5
Saudi Arabia,SAU,2016,5.5
Senegal,SEN,2000,28.7
Senegal,SEN,2001,27.6
Senegal,SEN,2002,26.7
Senegal,SEN,2003,25.2
Senegal,SEN,2004,23.4
Senegal,SEN,2005,21.6
Senegal,SEN,2006,19.2
Senegal,SEN,2007,16.9
Senegal,SEN,2008,14.7
Senegal,SEN,2009,13.6
Senegal,SEN,2010,13.1
Senegal,SEN,2011,13
Senegal,SEN,2012,12.7
Senegal,SEN,2013,12.4
Senegal,SEN,2014,12.2
Senegal,SEN,2015,11.7
Senegal,SEN,2016,11.3
Serbia,SRB,2006,6
Serbia,SRB,2007,6
Serbia,SRB,2008,6
Serbia,SRB,2009,5.9
Serbia,SRB,2010,5.9
Serbia,SRB,2011,6
Serbia,SRB,2012,6.1
Serbia,SRB,2013,6
Serbia,SRB,2014,6
Serbia,SRB,2015,5.7
Serbia,SRB,2016,5.6
Sierra Leone,SLE,2000,39.6
Sierra Leone,SLE,2001,40.3
Sierra Leone,SLE,2002,40
Sierra Leone,SLE,2003,39.6
Sierra Leone,SLE,2004,38.8
Sierra Leone,SLE,2005,37
Sierra Leone,SLE,2006,34.6
Sierra Leone,SLE,2007,32.2
Sierra Leone,SLE,2008,30.4
Sierra Leone,SLE,2009,28.7
Sierra Leone,SLE,2010,27
Sierra Leone,SLE,2011,25.2
Sierra Leone,SLE,2012,24.5
Sierra Leone,SLE,2013,24.7
Sierra Leone,SLE,2014,25.4
Sierra Leone,SLE,2015,25.7
Sierra Leone,SLE,2016,25.5
Slovakia,SVK,2000,5.9
Slovakia,SVK,2001,6.5
Slovakia,SVK,2002,6.7
Slovakia,SVK,2003,6.5
Slovakia,SVK,2004,6.3
Slovakia,SVK,2005,6.2
Slovakia,SVK,2006,6.1
Slovakia,SVK,2007,5.9
Slovakia,SVK,2008,5.4
Slovakia,SVK,2009,4.8
Slovakia,SVK,2010,4.3
Slovakia,SVK,2011,4.1
Slovakia,SVK,2012,3.9
Slovakia,SVK,2013,3.7
Slovakia,SVK,2014,3.3
Slovakia,SVK,2015,2.9
Slovakia,SVK,2016,2.7
Slovenia,SVN,2000,2.5
Slovenia,SVN,2001,2.5
Slovenia,SVN,2002,2.5
Slovenia,SVN,2003,2.5
Slovenia,SVN,2004,2.5
Slovenia,SVN,2005,2.5
Slovenia,SVN,2006,2.5
Slovenia,SVN,2007,2.5
Slovenia,SVN,2008,2.5
Slovenia,SVN,2009,2.5
Slovenia,SVN,2010,2.5
Slovenia,SVN,2011,2.5
Slovenia,SVN,2012,2.5
Slovenia,SVN,2013,2.5
Slovenia,SVN,2014,2.5
Slovenia,SVN,2015,2.5
Slovenia,SVN,2016,2.5
Small states,,2000,15.69691489
Small states,,2001,14.97172454
Small states,,2002,14.68978761
Small states,,2003,14.50437352
Small states,,2004,14.36915103
Small states,,2005,14.29258814
Small states,,2006,14.11099337
Small states,,2007,14.2420896
Small states,,2008,14.41917577
Small states,,2009,14.45846125
Small states,,2010,14.25407257
Small states,,2011,13.90208255
Small states,,2012,13.56759547
Small states,,2013,13.32288388
Small states,,2014,13.20783599
Small states,,2015,13.15555147
Small states,,2016,13.21124255
Solomon Islands,SLB,2000,15
Solomon Islands,SLB,2001,14.5
Solomon Islands,SLB,2002,13.6
Solomon Islands,SLB,2003,12.9
Solomon Islands,SLB,2004,12.3
Solomon Islands,SLB,2005,11.9
Solomon Islands,SLB,2006,11.4
Solomon Islands,SLB,2007,11.2
Solomon Islands,SLB,2008,10.9
Solomon Islands,SLB,2009,10.7
Solomon Islands,SLB,2010,10.6
Solomon Islands,SLB,2011,11.1
Solomon Islands,SLB,2012,12.1
Solomon Islands,SLB,2013,13
Solomon Islands,SLB,2014,13.2
Solomon Islands,SLB,2015,12.7
Solomon Islands,SLB,2016,12.3
South Africa,ZAF,2000,5
South Africa,ZAF,2001,4.7
South Africa,ZAF,2002,4.6
South Africa,ZAF,2003,4.4
South Africa,ZAF,2004,4.3
South Africa,ZAF,2005,4.4
South Africa,ZAF,2006,4.5
South Africa,ZAF,2007,4.6
South Africa,ZAF,2008,4.6
South Africa,ZAF,2009,4.5
South Africa,ZAF,2010,4.4
South Africa,ZAF,2011,4.4
South Africa,ZAF,2012,4.5
South Africa,ZAF,2013,4.8
South Africa,ZAF,2014,5.3
South Africa,ZAF,2015,5.8
South Africa,ZAF,2016,6.1
South Asia,,2000,19.44064479
South Asia,,2001,20.29746941
South Asia,,2002,21.52500981
South Asia,,2003,22.25986749
South Asia,,2004,22.49539106
South Asia,,2005,21.80550753
South Asia,,2006,20.48024906
South Asia,,2007,19.19435565
South Asia,,2008,18.25464387
South Asia,,2009,17.89194021
South Asia,,2010,17.73213749
South Asia,,2011,17.65234788
South Asia,,2012,17.50525368
South Asia,,2013,17.15935254
South Asia,,2014,16.65760681
South Asia,,2015,16.07496841
South Asia,,2016,15.63013505
South Asia (IDA & IBRD),,2000,19.44064479
South Asia (IDA & IBRD),,2001,20.29746941
South Asia (IDA & IBRD),,2002,21.52500981
South Asia (IDA & IBRD),,2003,22.25986749
South Asia (IDA & IBRD),,2004,22.49539106
South Asia (IDA & IBRD),,2005,21.80550753
South Asia (IDA & IBRD),,2006,20.48024906
South Asia (IDA & IBRD),,2007,19.19435565
South Asia (IDA & IBRD),,2008,18.25464387
South Asia (IDA & IBRD),,2009,17.89194021
South Asia (IDA & IBRD),,2010,17.73213749
South Asia (IDA & IBRD),,2011,17.65234788
South Asia (IDA & IBRD),,2012,17.50525368
South Asia (IDA & IBRD),,2013,17.15935254
South Asia (IDA & IBRD),,2014,16.65760681
South Asia (IDA & IBRD),,2015,16.07496841
South Asia (IDA & IBRD),,2016,15.63013505
South Korea,KOR,2000,2.5
South Korea,KOR,2001,2.5
South Korea,KOR,2002,2.5
South Korea,KOR,2003,2.5
South Korea,KOR,2004,2.5
South Korea,KOR,2005,2.5
South Korea,KOR,2006,2.5
South Korea,KOR,2007,2.5
South Korea,KOR,2008,2.5
South Korea,KOR,2009,2.5
South Korea,KOR,2010,2.5
South Korea,KOR,2011,2.5
South Korea,KOR,2012,2.5
South Korea,KOR,2013,2.5
South Korea,KOR,2014,2.5
South Korea,KOR,2015,2.5
South Korea,KOR,2016,2.5
Spain,ESP,2000,2.5
Spain,ESP,2001,2.5
Spain,ESP,2002,2.5
Spain,ESP,2003,2.5
Spain,ESP,2004,2.5
Spain,ESP,2005,2.5
Spain,ESP,2006,2.5
Spain,ESP,2007,2.5
Spain,ESP,2008,2.5
Spain,ESP,2009,2.5
Spain,ESP,2010,2.5
Spain,ESP,2011,2.5
Spain,ESP,2012,2.5
Spain,ESP,2013,2.5
Spain,ESP,2014,2.5
Spain,ESP,2015,2.5
Spain,ESP,2016,2.5
Sri Lanka,LKA,2000,18.6
Sri Lanka,LKA,2001,18.5
Sri Lanka,LKA,2002,18.9
Sri Lanka,LKA,2003,18.9
Sri Lanka,LKA,2004,18.6
Sri Lanka,LKA,2005,18.2
Sri Lanka,LKA,2006,17.4
Sri Lanka,LKA,2007,16.5
Sri Lanka,LKA,2008,15.4
Sri Lanka,LKA,2009,14.5
Sri Lanka,LKA,2010,13.8
Sri Lanka,LKA,2011,13.1
Sri Lanka,LKA,2012,12.3
Sri Lanka,LKA,2013,11.6
Sri Lanka,LKA,2014,11
Sri Lanka,LKA,2015,10.8
Sri Lanka,LKA,2016,10.9
Sub-Saharan Africa,,2000,27.59880534
Sub-Saharan Africa,,2001,26.90621066
Sub-Saharan Africa,,2002,26.38555603
Sub-Saharan Africa,,2003,25.54829363
Sub-Saharan Africa,,2004,24.55455442
Sub-Saharan Africa,,2005,23.5168357
Sub-Saharan Africa,,2006,22.81403619
Sub-Saharan Africa,,2007,22.31388759
Sub-Saharan Africa,,2008,21.84847245
Sub-Saharan Africa,,2009,21.29579675
Sub-Saharan Africa,,2010,20.7722165
Sub-Saharan Africa,,2011,20.33016182
Sub-Saharan Africa,,2012,20.20875543
Sub-Saharan Africa,,2013,20.00009345
Sub-Saharan Africa,,2014,20.03363086
Sub-Saharan Africa,,2015,20.53963993
Sub-Saharan Africa,,2016,21.33027134
Sub-Saharan Africa (IDA & IBRD),,2000,27.59880534
Sub-Saharan Africa (IDA & IBRD),,2001,26.90621066
Sub-Saharan Africa (IDA & IBRD),,2002,26.38555603
Sub-Saharan Africa (IDA & IBRD),,2003,25.54829363
Sub-Saharan Africa (IDA & IBRD),,2004,24.55455442
Sub-Saharan Africa (IDA & IBRD),,2005,23.5168357
Sub-Saharan Africa (IDA & IBRD),,2006,22.81403619
Sub-Saharan Africa (IDA & IBRD),,2007,22.31388759
Sub-Saharan Africa (IDA & IBRD),,2008,21.84847245
Sub-Saharan Africa (IDA & IBRD),,2009,21.29579675
Sub-Saharan Africa (IDA & IBRD),,2010,20.7722165
Sub-Saharan Africa (IDA & IBRD),,2011,20.33016182
Sub-Saharan Africa (IDA & IBRD),,2012,20.20875543
Sub-Saharan Africa (IDA & IBRD),,2013,20.00009345
Sub-Saharan Africa (IDA & IBRD),,2014,20.03363086
Sub-Saharan Africa (IDA & IBRD),,2015,20.53963993
Sub-Saharan Africa (IDA & IBRD),,2016,21.33027134
Sub-Saharan Africa (excluding high income),,2000,27.59880534
Sub-Saharan Africa (excluding high income),,2001,26.90621066
Sub-Saharan Africa (excluding high income),,2002,26.38555603
Sub-Saharan Africa (excluding high income),,2003,25.54829363
Sub-Saharan Africa (excluding high income),,2004,24.55455442
Sub-Saharan Africa (excluding high income),,2005,23.5168357
Sub-Saharan Africa (excluding high income),,2006,22.81403619
Sub-Saharan Africa (excluding high income),,2007,22.31388759
Sub-Saharan Africa (excluding high income),,2008,21.84847245
Sub-Saharan Africa (excluding high income),,2009,21.29579675
Sub-Saharan Africa (excluding high income),,2010,20.7722165
Sub-Saharan Africa (excluding high income),,2011,20.33016182
Sub-Saharan Africa (excluding high income),,2012,20.20875543
Sub-Saharan Africa (excluding high income),,2013,20.00009345
Sub-Saharan Africa (excluding high income),,2014,20.03363086
Sub-Saharan Africa (excluding high income),,2015,20.53963993
Sub-Saharan Africa (excluding high income),,2016,21.33027134
Sudan,SDN,2012,25.4
Sudan,SDN,2013,25.2
Sudan,SDN,2014,25.1
Sudan,SDN,2015,25.1
Sudan,SDN,2016,25.2
Suriname,SUR,2000,13
Suriname,SUR,2001,12.9
Suriname,SUR,2002,12.4
Suriname,SUR,2003,12.1
Suriname,SUR,2004,11.6
Suriname,SUR,2005,10.9
Suriname,SUR,2006,10.3
Suriname,SUR,2007,9.7
Suriname,SUR,2008,9.1
Suriname,SUR,2009,8.4
Suriname,SUR,2010,8
Suriname,SUR,2011,8.1
Suriname,SUR,2012,8.2
Suriname,SUR,2013,8.1
Suriname,SUR,2014,7.8
Suriname,SUR,2015,7.6
Suriname,SUR,2016,7.6
Swaziland,SWZ,2000,19.2
Swaziland,SWZ,2001,17.4
Swaziland,SWZ,2002,16
Swaziland,SWZ,2003,15.3
Swaziland,SWZ,2004,15.5
Swaziland,SWZ,2005,17
Swaziland,SWZ,2006,19.1
Swaziland,SWZ,2007,21.2
Swaziland,SWZ,2008,22.6
Swaziland,SWZ,2009,23.3
Swaziland,SWZ,2010,23.2
Swaziland,SWZ,2011,22.7
Swaziland,SWZ,2012,22.1
Swaziland,SWZ,2013,21.5
Swaziland,SWZ,2014,21.3
Swaziland,SWZ,2015,21
Swaziland,SWZ,2016,20.7
Sweden,SWE,2000,2.5
Sweden,SWE,2001,2.5
Sweden,SWE,2002,2.5
Sweden,SWE,2003,2.5
Sweden,SWE,2004,2.5
Sweden,SWE,2005,2.5
Sweden,SWE,2006,2.5
Sweden,SWE,2007,2.5
Sweden,SWE,2008,2.5
Sweden,SWE,2009,2.5
Sweden,SWE,2010,2.5
Sweden,SWE,2011,2.5
Sweden,SWE,2012,2.5
Sweden,SWE,2013,2.5
Sweden,SWE,2014,2.5
Sweden,SWE,2015,2.5
Sweden,SWE,2016,2.5
Switzerland,CHE,2000,2.5
Switzerland,CHE,2001,2.5
Switzerland,CHE,2002,2.5
Switzerland,CHE,2003,2.5
Switzerland,CHE,2004,2.5
Switzerland,CHE,2005,2.5
Switzerland,CHE,2006,2.5
Switzerland,CHE,2007,2.5
Switzerland,CHE,2008,2.5
Switzerland,CHE,2009,2.5
Switzerland,CHE,2010,2.5
Switzerland,CHE,2011,2.5
Switzerland,CHE,2012,2.5
Switzerland,CHE,2013,2.5
Switzerland,CHE,2014,2.5
Switzerland,CHE,2015,2.5
Switzerland,CHE,2016,2.5
Tanzania,TZA,2000,36.5
Tanzania,TZA,2001,36.9
Tanzania,TZA,2002,36.8
Tanzania,TZA,2003,36.8
Tanzania,TZA,2004,35.7
Tanzania,TZA,2005,34.4
Tanzania,TZA,2006,33.4
Tanzania,TZA,2007,33.2
Tanzania,TZA,2008,34.1
Tanzania,TZA,2009,34.5
Tanzania,TZA,2010,34.6
Tanzania,TZA,2011,33.6
Tanzania,TZA,2012,33
Tanzania,TZA,2013,32.6
Tanzania,TZA,2014,32.2
Tanzania,TZA,2015,32.1
Tanzania,TZA,2016,32
Thailand,THA,2000,18.8
Thailand,THA,2001,18.3
Thailand,THA,2002,17.1
Thailand,THA,2003,15.8
Thailand,THA,2004,14.2
Thailand,THA,2005,12.5
Thailand,THA,2006,11
Thailand,THA,2007,10.3
Thailand,THA,2008,10
Thailand,THA,2009,9.8
Thailand,THA,2010,9.2
Thailand,THA,2011,8.8
Thailand,THA,2012,8.8
Thailand,THA,2013,9
Thailand,THA,2014,9.2
Thailand,THA,2015,9.2
Thailand,THA,2016,9
Timor,TLS,2000,40.4
Timor,TLS,2001,35.6
Timor,TLS,2002,31.8
Timor,TLS,2003,30.5
Timor,TLS,2004,30.6
Timor,TLS,2005,31.3
Timor,TLS,2006,31.5
Timor,TLS,2007,31.5
Timor,TLS,2008,31
Timor,TLS,2009,30.5
Timor,TLS,2010,29.2
Timor,TLS,2011,27.9
Timor,TLS,2012,26.8
Timor,TLS,2013,26.6
Timor,TLS,2014,26.8
Timor,TLS,2015,27.1
Timor,TLS,2016,27.2
Togo,TGO,2000,31.1
Togo,TGO,2001,30.5
Togo,TGO,2002,29.8
Togo,TGO,2003,28.6
Togo,TGO,2004,27.2
Togo,TGO,2005,26
Togo,TGO,2006,24.9
Togo,TGO,2007,23.9
Togo,TGO,2008,22.9
Togo,TGO,2009,22
Togo,TGO,2010,21
Togo,TGO,2011,20.1
Togo,TGO,2012,19.1
Togo,TGO,2013,18.1
Togo,TGO,2014,17.2
Togo,TGO,2015,16.2
Togo,TGO,2016,16.2
Trinidad and Tobago,TTO,2000,11.6
Trinidad and Tobago,TTO,2001,11.2
Trinidad and Tobago,TTO,2002,11.3
Trinidad and Tobago,TTO,2003,11.8
Trinidad and Tobago,TTO,2004,12
Trinidad and Tobago,TTO,2005,11.8
Trinidad and Tobago,TTO,2006,11.3
Trinidad and Tobago,TTO,2007,10.7
Trinidad and Tobago,TTO,2008,10.4
Trinidad and Tobago,TTO,2009,10.1
Trinidad and Tobago,TTO,2010,9.6
Trinidad and Tobago,TTO,2011,8.6
Trinidad and Tobago,TTO,2012,7.5
Trinidad and Tobago,TTO,2013,6.6
Trinidad and Tobago,TTO,2014,6
Trinidad and Tobago,TTO,2015,5.5
Trinidad and Tobago,TTO,2016,4.9
Tunisia,TUN,2000,4.9
Tunisia,TUN,2001,5.2
Tunisia,TUN,2002,5.6
Tunisia,TUN,2003,5.6
Tunisia,TUN,2004,5.6
Tunisia,TUN,2005,5.6
Tunisia,TUN,2006,5.5
Tunisia,TUN,2007,5.4
Tunisia,TUN,2008,5.2
Tunisia,TUN,2009,5
Tunisia,TUN,2010,4.8
Tunisia,TUN,2011,4.6
Tunisia,TUN,2012,4.5
Tunisia,TUN,2013,4.5
Tunisia,TUN,2014,4.5
Tunisia,TUN,2015,4.7
Tunisia,TUN,2016,4.9
Turkey,TUR,2000,2.5
Turkey,TUR,2001,2.5
Turkey,TUR,2002,2.5
Turkey,TUR,2003,2.5
Turkey,TUR,2004,2.5
Turkey,TUR,2005,2.5
Turkey,TUR,2006,2.5
Turkey,TUR,2007,2.5
Turkey,TUR,2008,2.5
Turkey,TUR,2009,2.5
Turkey,TUR,2010,2.5
Turkey,TUR,2011,2.5
Turkey,TUR,2012,2.5
Turkey,TUR,2013,2.5
Turkey,TUR,2014,2.5
Turkey,TUR,2015,2.5
Turkey,TUR,2016,2.5
Turkmenistan,TKM,2000,8.2
Turkmenistan,TKM,2001,7.6
Turkmenistan,TKM,2002,6.9
Turkmenistan,TKM,2003,6
Turkmenistan,TKM,2004,5.3
Turkmenistan,TKM,2005,4.8
Turkmenistan,TKM,2006,4.6
Turkmenistan,TKM,2007,4.4
Turkmenistan,TKM,2008,4.5
Turkmenistan,TKM,2009,4.6
Turkmenistan,TKM,2010,4.8
Turkmenistan,TKM,2011,4.9
Turkmenistan,TKM,2012,4.9
Turkmenistan,TKM,2013,4.8
Turkmenistan,TKM,2014,4.8
Turkmenistan,TKM,2015,5.1
Turkmenistan,TKM,2016,5.5
Uganda,UGA,2000,27.7
Uganda,UGA,2001,27.4
Uganda,UGA,2002,26.4
Uganda,UGA,2003,24.9
Uganda,UGA,2004,23.7
Uganda,UGA,2005,24.1
Uganda,UGA,2006,25.8
Uganda,UGA,2007,28.1
Uganda,UGA,2008,29.6
Uganda,UGA,2009,30.4
Uganda,UGA,2010,30.9
Uganda,UGA,2011,31.6
Uganda,UGA,2012,32.4
Uganda,UGA,2013,33.7
Uganda,UGA,2014,35.5
Uganda,UGA,2015,38.6
Uganda,UGA,2016,41.4
Ukraine,UKR,2000,4.5
Ukraine,UKR,2001,3.6
Ukraine,UKR,2002,2.8
Ukraine,UKR,2003,2.5
Ukraine,UKR,2004,2.5
Ukraine,UKR,2005,2.5
Ukraine,UKR,2006,2.5
Ukraine,UKR,2007,2.5
Ukraine,UKR,2008,2.5
Ukraine,UKR,2009,2.5
Ukraine,UKR,2010,2.5
Ukraine,UKR,2011,2.5
Ukraine,UKR,2012,2.5
Ukraine,UKR,2013,2.5
Ukraine,UKR,2014,2.5
Ukraine,UKR,2015,2.9
Ukraine,UKR,2016,3.3
United Arab Emirates,ARE,2000,2.5
United Arab Emirates,ARE,2001,2.5
United Arab Emirates,ARE,2002,2.5
United Arab Emirates,ARE,2003,2.6
United Arab Emirates,ARE,2004,3.2
United Arab Emirates,ARE,2005,4.1
United Arab Emirates,ARE,2006,4.9
United Arab Emirates,ARE,2007,5.6
United Arab Emirates,ARE,2008,6
United Arab Emirates,ARE,2009,6
United Arab Emirates,ARE,2010,5.9
United Arab Emirates,ARE,2011,5.6
United Arab Emirates,ARE,2012,5.1
United Arab Emirates,ARE,2013,4.5
United Arab Emirates,ARE,2014,3.9
United Arab Emirates,ARE,2015,3.1
United Arab Emirates,ARE,2016,2.5
United Kingdom,GBR,2000,2.5
United Kingdom,GBR,2001,2.5
United Kingdom,GBR,2002,2.5
United Kingdom,GBR,2003,2.5
United Kingdom,GBR,2004,2.5
United Kingdom,GBR,2005,2.5
United Kingdom,GBR,2006,2.5
United Kingdom,GBR,2007,2.5
United Kingdom,GBR,2008,2.5
United Kingdom,GBR,2009,2.5
United Kingdom,GBR,2010,2.5
United Kingdom,GBR,2011,2.5
United Kingdom,GBR,2012,2.5
United Kingdom,GBR,2013,2.5
United Kingdom,GBR,2014,2.5
United Kingdom,GBR,2015,2.5
United Kingdom,GBR,2016,2.5
United States,USA,2000,2.5
United States,USA,2001,2.5
United States,USA,2002,2.5
United States,USA,2003,2.5
United States,USA,2004,2.5
United States,USA,2005,2.5
United States,USA,2006,2.5
United States,USA,2007,2.5
United States,USA,2008,2.5
United States,USA,2009,2.5
United States,USA,2010,2.5
United States,USA,2011,2.5
United States,USA,2012,2.5
United States,USA,2013,2.5
United States,USA,2014,2.5
United States,USA,2015,2.5
United States,USA,2016,2.5
Upper middle income,,2000,13.05541963
Upper middle income,,2001,12.78479282
Upper middle income,,2002,12.50421068
Upper middle income,,2003,12.28655005
Upper middle income,,2004,11.94864668
Upper middle income,,2005,11.57263462
Upper middle income,,2006,11.15210083
Upper middle income,,2007,10.6107929
Upper middle income,,2008,10.11392652
Upper middle income,,2009,9.580326276
Upper middle income,,2010,9.050053666
Upper middle income,,2011,8.599568547
Upper middle income,,2012,8.188103234
Upper middle income,,2013,7.798592069
Upper middle income,,2014,7.477563657
Upper middle income,,2015,7.314235968
Upper middle income,,2016,7.254681312
Uruguay,URY,2000,4.2
Uruguay,URY,2001,4.1
Uruguay,URY,2002,4.1
Uruguay,URY,2003,4.2
Uruguay,URY,2004,4.3
Uruguay,URY,2005,4.3
Uruguay,URY,2006,4
Uruguay,URY,2007,3.5
Uruguay,URY,2008,3
Uruguay,URY,2009,2.7
Uruguay,URY,2010,2.5
Uruguay,URY,2011,2.5
Uruguay,URY,2012,2.5
Uruguay,URY,2013,2.5
Uruguay,URY,2014,2.5
Uruguay,URY,2015,2.5
Uruguay,URY,2016,2.5
Uzbekistan,UZB,2000,16.2
Uzbekistan,UZB,2001,18.8
Uzbekistan,UZB,2002,19.8
Uzbekistan,UZB,2003,18.9
Uzbekistan,UZB,2004,16.9
Uzbekistan,UZB,2005,14.5
Uzbekistan,UZB,2006,12.4
Uzbekistan,UZB,2007,11.1
Uzbekistan,UZB,2008,10.3
Uzbekistan,UZB,2009,9.7
Uzbekistan,UZB,2010,9
Uzbekistan,UZB,2011,8.2
Uzbekistan,UZB,2012,7.6
Uzbekistan,UZB,2013,7.4
Uzbekistan,UZB,2014,7.4
Uzbekistan,UZB,2015,7.3
Uzbekistan,UZB,2016,7.4
Vanuatu,VUT,2000,8.2
Vanuatu,VUT,2001,8.1
Vanuatu,VUT,2002,8
Vanuatu,VUT,2003,7.7
Vanuatu,VUT,2004,7.4
Vanuatu,VUT,2005,7
Vanuatu,VUT,2006,6.6
Vanuatu,VUT,2007,6.1
Vanuatu,VUT,2008,5.8
Vanuatu,VUT,2009,5.8
Vanuatu,VUT,2010,5.9
Vanuatu,VUT,2011,6.1
Vanuatu,VUT,2012,6.3
Vanuatu,VUT,2013,6.5
Vanuatu,VUT,2014,6.7
Vanuatu,VUT,2015,6.9
Vanuatu,VUT,2016,7.1
Venezuela,VEN,2000,16.4
Venezuela,VEN,2001,16.3
Venezuela,VEN,2002,16.8
Venezuela,VEN,2003,15.2
Venezuela,VEN,2004,13.1
Venezuela,VEN,2005,10.5
Venezuela,VEN,2006,8.4
Venezuela,VEN,2007,6
Venezuela,VEN,2008,4
Venezuela,VEN,2009,3.1
Venezuela,VEN,2010,3.1
Venezuela,VEN,2011,3.6
Venezuela,VEN,2012,4.7
Venezuela,VEN,2013,6.1
Venezuela,VEN,2014,7.9
Venezuela,VEN,2015,9.8
Venezuela,VEN,2016,11.7
Vietnam,VNM,2000,24.3
Vietnam,VNM,2001,22.5
Vietnam,VNM,2002,20.7
Vietnam,VNM,2003,19.3
Vietnam,VNM,2004,18.5
Vietnam,VNM,2005,18.2
Vietnam,VNM,2006,17.6
Vietnam,VNM,2007,16.7
Vietnam,VNM,2008,15.5
Vietnam,VNM,2009,14.5
Vietnam,VNM,2010,13.6
Vietnam,VNM,2011,13
Vietnam,VNM,2012,12.6
Vietnam,VNM,2013,12.1
Vietnam,VNM,2014,11.6
Vietnam,VNM,2015,11.1
Vietnam,VNM,2016,10.8
World,OWID_WRL,2000,14.8
World,OWID_WRL,2001,14.9
World,OWID_WRL,2002,15.1
World,OWID_WRL,2003,15.1
World,OWID_WRL,2004,14.8
World,OWID_WRL,2005,14.5
World,OWID_WRL,2006,13.8
World,OWID_WRL,2007,13.1
World,OWID_WRL,2008,12.6
World,OWID_WRL,2009,12.2
World,OWID_WRL,2010,11.8
World,OWID_WRL,2011,11.5
World,OWID_WRL,2012,11.3
World,OWID_WRL,2013,11
World,OWID_WRL,2014,10.7
World,OWID_WRL,2015,10.6
World,OWID_WRL,2016,10.8
Yemen,YEM,2000,29.9
Yemen,YEM,2001,30.1
Yemen,YEM,2002,30.6
Yemen,YEM,2003,31
Yemen,YEM,2004,30.9
Yemen,YEM,2005,30.1
Yemen,YEM,2006,28.9
Yemen,YEM,2007,27.6
Yemen,YEM,2008,27
Yemen,YEM,2009,26.2
Yemen,YEM,2010,25.7
Yemen,YEM,2011,25.2
Yemen,YEM,2012,25.9
Yemen,YEM,2013,27.7
Yemen,YEM,2014,30.2
Yemen,YEM,2015,32.6
Yemen,YEM,2016,34.4
Zambia,ZMB,2000,47.4
Zambia,ZMB,2001,49
Zambia,ZMB,2002,50
Zambia,ZMB,2003,49.9
Zambia,ZMB,2004,50.2
Zambia,ZMB,2005,51.1
Zambia,ZMB,2006,52.6
Zambia,ZMB,2007,53.5
Zambia,ZMB,2008,53
Zambia,ZMB,2009,51.5
Zambia,ZMB,2010,50
Zambia,ZMB,2011,48.8
Zambia,ZMB,2012,47.7
Zambia,ZMB,2013,46.1
Zambia,ZMB,2014,44.9
Zambia,ZMB,2015,44.4
Zambia,ZMB,2016,44.5
Zimbabwe,ZWE,2000,40.2
Zimbabwe,ZWE,2001,40.4
Zimbabwe,ZWE,2002,40.8
Zimbabwe,ZWE,2003,41.5
Zimbabwe,ZWE,2004,41.9
Zimbabwe,ZWE,2005,42.2
Zimbabwe,ZWE,2006,42.1
Zimbabwe,ZWE,2007,42.6
Zimbabwe,ZWE,2008,43
Zimbabwe,ZWE,2009,42.8
Zimbabwe,ZWE,2010,41.9
Zimbabwe,ZWE,2011,41.3
Zimbabwe,ZWE,2012,41.9
Zimbabwe,ZWE,2013,44.4
Zimbabwe,ZWE,2014,47
Zimbabwe,ZWE,2015,48.2
Zimbabwe,ZWE,2016,46.6